cat_name,subcat_name,product_url,product_brand,product_name,product_score,product_img
Nails,Nail Glue,https://www.ewg.org/skindeep/products/927248-Bitzy_Glitter_Glue/,Bitzy,Glitter Glue,01,https://static.ewg.org/skindeep_images/9272/927248.jpg
Nails,Nail Glue,https://www.ewg.org/skindeep/products/876597-La_Colors_Quick_Dry_Clear_Nail_Glue/,L.A. Colors,Quick Dry Clear Nail Glue,03,https://static.ewg.org/skindeep_images/8765/876597.jpg
Nails,Nail Polish,https://www.ewg.org/skindeep/products/759976-SOPHi_Nail_Polish_I_Love_You_Dittoe/,SOPHi,"Nail Polish, I Love You, Dit-toe",01,https://static.ewg.org/skindeep_images/7599/759976.jpg
Nails,Nail Polish,https://www.ewg.org/skindeep/products/760206-SOPHi_Nail_Polish_Shine_Topcoat/,SOPHi,"Nail Polish, Shine Topcoat",01,https://static.ewg.org/skindeep_images/7602/760206.jpg
Nails,Nail Polish,https://www.ewg.org/skindeep/products/920335-Kapa_Nui_Base_and_Top_Coat_Sealer_/,Kapa Nui,Base and Top Coat Sealer,01,https://static.ewg.org/skindeep_images/9203/920335.jpg
Nails,Nail Polish,https://www.ewg.org/skindeep/products/759934-Piggy_Paint_Nail_Polish_Clouds_of_Candy/,Piggy Paint,"Nail Polish, Clouds of Candy",01,https://static.ewg.org/skindeep_images/7599/759934.jpg
Nails,Nail Polish,https://www.ewg.org/skindeep/products/759941-Piggy_Paint_Nail_Polish_Glitterbug/,Piggy Paint,"Nail Polish, Glitterbug",01,https://static.ewg.org/skindeep_images/7599/759941.jpg
Nails,Nail Polish,https://www.ewg.org/skindeep/products/920422-Lauren_B_Beauty_Nail_Couture_Quick_Dry_Top_Coat/,Lauren B. Beauty,Nail Couture Quick Dry Top Coat,01,https://static.ewg.org/skindeep_images/9204/920422.jpg
Nails,Nail Polish,https://www.ewg.org/skindeep/products/759952-Piggy_Paint_Nail_Polish_Bubble_Trouble/,Piggy Paint,"Nail Polish, Bubble Trouble",01,https://static.ewg.org/skindeep_images/7599/759952.jpg
Nails,Nail Polish,https://www.ewg.org/skindeep/products/759933-Piggy_Paint_Nail_Polish_Tea_Party_for_Two/,Piggy Paint,"Nail Polish, Tea Party for Two",01,https://static.ewg.org/skindeep_images/7599/759933.jpg
Nails,Nail Polish,https://www.ewg.org/skindeep/products/759931-Piggy_Paint_Nail_Polish_Ice_Cream_Dream/,Piggy Paint,"Nail Polish, Ice Cream Dream",01,https://static.ewg.org/skindeep_images/7599/759931.jpg
Nails,Nail Polish,https://www.ewg.org/skindeep/products/760196-SOPHi_Nail_Polish_Dance_Lilac_No_Ones_Watching/,SOPHi,"Nail Polish, Dance Lilac No One's Watching",01,https://static.ewg.org/skindeep_images/7601/760196.jpg
Nails,Nail Polish,https://www.ewg.org/skindeep/products/759928-Piggy_Paint_Nail_Polish_Sometimes_Sweet/,Piggy Paint,"Nail Polish, Sometimes Sweet",01,https://static.ewg.org/skindeep_images/7599/759928.jpg
Nails,Nail Polish,https://www.ewg.org/skindeep/products/759930-Piggy_Paint_Nail_Polish_Angel_Kisses_/,Piggy Paint,"Nail Polish, Angel Kisses",01,https://static.ewg.org/skindeep_images/7599/759930.jpg
Nails,Nail Polish,https://www.ewg.org/skindeep/products/916752-More_Than_Magic_Nail_Polish_Sparkling_Skies/,,"More Than Magic Nail Polish, Sparkling Skies",01,https://static.ewg.org/skindeep/img/ewg_missing_product.png
Nails,Nail Polish,https://www.ewg.org/skindeep/products/884656-Fav_Nail_Lacquer_Better_Off_Red/,,"Fav Nail Lacquer, Better Off Red",01,https://static.ewg.org/skindeep/img/ewg_missing_product.png
Nails,Nail Polish,https://www.ewg.org/skindeep/products/759951-Piggy_Paint_Nail_Polish_Tutu_Cool/,Piggy Paint,"Nail Polish, Tutu Cool",01,https://static.ewg.org/skindeep_images/7599/759951.jpg
Nails,Nail Polish,https://www.ewg.org/skindeep/products/759937-Piggy_Paint_Nail_Polish_Sleepover/,Piggy Paint,"Nail Polish, Sleepover",01,https://static.ewg.org/skindeep_images/7599/759937.jpg
Nails,Nail Polish,https://www.ewg.org/skindeep/products/759953-Piggy_Paint_Nail_Polish_Wild_Child/,Piggy Paint,"Nail Polish, Wild Child",01,https://static.ewg.org/skindeep_images/7599/759953.jpg
Nails,Nail Polish,https://www.ewg.org/skindeep/products/759973-SOPHi_Nail_Polish_Red_Bottom_Stilettos/,SOPHi,"Nail Polish, Red Bottom Stilettos",01,https://static.ewg.org/skindeep_images/7599/759973.jpg
Nails,Nail Polish,https://www.ewg.org/skindeep/products/916759-More_Than_Magic_Nail_Polish_Rose_Gold_Remix/,,"More Than Magic Nail Polish, Rose Gold Remix",01,https://static.ewg.org/skindeep/img/ewg_missing_product.png
Nails,Nail Polish,https://www.ewg.org/skindeep/products/759961-Piggy_Paint_Nail_Polish_Lets_Flamingle/,Piggy Paint,"Nail Polish, Let's Flamingle",01,https://static.ewg.org/skindeep_images/7599/759961.jpg
Nails,Nail Polish,https://www.ewg.org/skindeep/products/759969-SOPHi_Nail_Polish_POParazzi/,SOPHi,"Nail Polish, POP-arazzi",01,https://static.ewg.org/skindeep_images/7599/759969.jpg
Nails,Nail Polish,https://www.ewg.org/skindeep/products/759970-SOPHi_Nail_Polish_Snow_More_Cold_Feet/,SOPHi,"Nail Polish, Snow More Cold Feet",01,https://static.ewg.org/skindeep_images/7599/759970.jpg
Nails,Nail Polish,https://www.ewg.org/skindeep/products/920334-Kapa_Nui_Shine_Finish_Coat/,Kapa Nui,Shine Finish Coat,01,https://static.ewg.org/skindeep_images/9203/920334.jpg
Nails,Nail Polish,https://www.ewg.org/skindeep/products/759960-Piggy_Paint_Nail_Polish_Muddles_the_Pig/,Piggy Paint,"Nail Polish, Muddles the Pig",01,https://static.ewg.org/skindeep_images/7599/759960.jpg
Nails,Nail Polish,https://www.ewg.org/skindeep/products/759950-Piggy_Paint_Nail_Polish_Periwinkle_Little_Star/,Piggy Paint,"Nail Polish, Periwinkle Little Star",01,https://static.ewg.org/skindeep_images/7599/759950.jpg
Nails,Nail Polish,https://www.ewg.org/skindeep/products/759954-Piggy_Paint_Nail_Polish_Shimmy_Shimmy_POP/,Piggy Paint,"Nail Polish, Shimmy Shimmy POP",01,https://static.ewg.org/skindeep_images/7599/759954.jpg
Nails,Nail Polish,https://www.ewg.org/skindeep/products/759932-Piggy_Paint_Nail_Polish_Dragon_Tears/,Piggy Paint,"Nail Polish, Dragon Tears",01,https://static.ewg.org/skindeep_images/7599/759932.jpg
Nails,Nail Polish,https://www.ewg.org/skindeep/products/759974-SOPHi_Nail_Polish_Pretty_Shore_About_You/,SOPHi,"Nail Polish, Pretty Shore About You",01,https://static.ewg.org/skindeep_images/7599/759974.jpg
Nails,Nail Polish,https://www.ewg.org/skindeep/products/759942-Piggy_Paint_Nail_Polish_Glamour_Girl/,Piggy Paint,"Nail Polish, Glamour Girl",01,https://static.ewg.org/skindeep_images/7599/759942.jpg
Nails,Nail Polish,https://www.ewg.org/skindeep/products/920333-Kapa_Nui_Nail_Color_Evening_Orchid/,Kapa Nui,"Nail Color, Evening Orchid",02,https://static.ewg.org/skindeep_images/9203/920333.jpg
Nails,Nail Polish,https://www.ewg.org/skindeep/products/759977-SOPHi_Nail_Polish_Morning_Kisses/,SOPHi,"Nail Polish, Morning Kisses",02,https://static.ewg.org/skindeep_images/7599/759977.jpg
Nails,Nail Polish,https://www.ewg.org/skindeep/products/760203-SOPHi_Nail_Polish_Mi_Amore/,SOPHi,"Nail Polish, Mi Amore",02,https://static.ewg.org/skindeep_images/7602/760203.jpg
Nails,Nail Polish,https://www.ewg.org/skindeep/products/759971-SOPHi_Nail_Polish_Its_a_Girl_Thing/,SOPHi,"Nail Polish, It's a Girl Thing",02,https://static.ewg.org/skindeep_images/7599/759971.jpg
Nails,Nail Polish,https://www.ewg.org/skindeep/products/920320-Kapa_Nui_Nail_Color_Manta_Ray/,Kapa Nui,"Nail Color, Manta Ray",02,https://static.ewg.org/skindeep_images/9203/920320.jpg
Nails,Nail Polish,https://www.ewg.org/skindeep/products/760202-SOPHi_Nail_Polish_French_Latte/,SOPHi,"Nail Polish, French Latte",02,https://static.ewg.org/skindeep_images/7602/760202.jpg
Nails,Nail Polish,https://www.ewg.org/skindeep/products/920330-Kapa_Nui_Nail_Color_Nudie/,Kapa Nui,"Nail Color, Nudie",02,https://static.ewg.org/skindeep_images/9203/920330.jpg
Nails,Nail Polish,https://www.ewg.org/skindeep/products/759962-Piggy_Paint_Nail_Polish_BaeBee_Bliss/,Piggy Paint,"Nail Polish, Bae-Bee Bliss",02,https://static.ewg.org/skindeep_images/7599/759962.jpg
Nails,Nail Polish,https://www.ewg.org/skindeep/products/920323-Kapa_Nui_Nail_Color_Kona_Sunset/,Kapa Nui,"Nail Color, Kona Sunset",02,https://static.ewg.org/skindeep_images/9203/920323.jpg
Nails,Nail Polish,https://www.ewg.org/skindeep/products/760201-SOPHi_Nail_Polish_Boyfriend_Abroad/,SOPHi,"Nail Polish, Boyfriend Abroad",02,https://static.ewg.org/skindeep_images/7602/760201.jpg
Nails,Nail Polish,https://www.ewg.org/skindeep/products/920322-Kapa_Nui_Nail_Color_Olena/,Kapa Nui,"Nail Color, Olena",02,https://static.ewg.org/skindeep_images/9203/920322.jpg
Nails,Nail Polish,https://www.ewg.org/skindeep/products/920317-Kapa_Nui_Nail_Color_Pua_Melia/,Kapa Nui,"Nail Color, Pua Melia",02,https://static.ewg.org/skindeep_images/9203/920317.jpg
Nails,Nail Polish,https://www.ewg.org/skindeep/products/919348-Kapa_Nui_Nail_Color_New_Moon/,Kapa Nui,"Nail Color, New Moon",02,https://static.ewg.org/skindeep_images/9193/919348.jpg
Nails,Nail Polish,https://www.ewg.org/skindeep/products/920319-Kapa_Nui_Nail_Color_Sweet_Wahine/,Kapa Nui,"Nail Color, Sweet Wahine",02,https://static.ewg.org/skindeep_images/9203/920319.jpg
Nails,Nail Polish,https://www.ewg.org/skindeep/products/920332-Kapa_Nui_Nail_Color_Mandarin/,Kapa Nui,"Nail Color, Mandarin",02,https://static.ewg.org/skindeep_images/9203/920332.jpg
Nails,Nail Polish,https://www.ewg.org/skindeep/products/760200-SOPHi_Nail_Polish_ROMEance_Me/,SOPHi,"Nail Polish, ROME-ance Me",02,https://static.ewg.org/skindeep_images/7602/760200.jpg
Nails,Nail Polish,https://www.ewg.org/skindeep/products/920324-Kapa_Nui_Nail_Color_Nalu/,Kapa Nui,"Nail Color, Nalu",02,https://static.ewg.org/skindeep_images/9203/920324.jpg
Nails,Nail Polish,https://www.ewg.org/skindeep/products/920328-Kapa_Nui_Nail_Color_Kailua_Bay/,Kapa Nui,"Nail Color, Kailua Bay",02,https://static.ewg.org/skindeep_images/9203/920328.jpg
Nails,Nail Polish,https://www.ewg.org/skindeep/products/920305-Kapa_Nui_Nail_Color_Seashells_Heart/,Kapa Nui,"Nail Color, Seashells Heart",02,https://static.ewg.org/skindeep_images/9203/920305.jpg
Nails,Nail Polish,https://www.ewg.org/skindeep/products/759964-SOPHi_Nail_Polish_Date_Knight/,SOPHi,"Nail Polish, Date Knight",02,https://static.ewg.org/skindeep_images/7599/759964.jpg
Nails,Nail Polish,https://www.ewg.org/skindeep/products/759968-SOPHi_Nail_Polish_Out_of_the_Cellar/,SOPHi,"Nail Polish, Out of the Cellar",02,https://static.ewg.org/skindeep_images/7599/759968.jpg
Nails,Nail Polish,https://www.ewg.org/skindeep/products/920306-Kapa_Nui_Nail_Color_Maui_Rose/,Kapa Nui,"Nail Color, Maui Rose",02,https://phorcys-static.ewg.org/image/contents/511429/medium.png?1573659949
Nails,Nail Polish,https://www.ewg.org/skindeep/products/759966-SOPHi_Nail_Polish_Match_Maker/,SOPHi,"Nail Polish, Match Maker",02,https://static.ewg.org/skindeep_images/7599/759966.jpg
Nails,Nail Polish,https://www.ewg.org/skindeep/products/920316-Kapa_Nui_Nail_Color_Big_Island_Night/,Kapa Nui,"Nail Color, Big Island Night",02,https://static.ewg.org/skindeep_images/9203/920316.jpg
Nails,Nail Polish,https://www.ewg.org/skindeep/products/920331-Kapa_Nui_Nail_Color_Lehua_Blossom/,Kapa Nui,"Nail Color, Lehua Blossom",02,https://static.ewg.org/skindeep_images/9203/920331.jpg
Nails,Nail Polish,https://www.ewg.org/skindeep/products/759963-Piggy_Paint_Nail_Polish_Blueberry_Patch/,Piggy Paint,"Nail Polish, Blueberry Patch",02,https://static.ewg.org/skindeep_images/7599/759963.jpg
Nails,Nail Polish,https://www.ewg.org/skindeep/products/760198-SOPHi_Nail_Polish_Incogni/,SOPHi,"Nail Polish, Incogni",02,https://static.ewg.org/skindeep_images/7601/760198.jpg
Nails,Nail Polish,https://www.ewg.org/skindeep/products/760197-SOPHi_Nail_Polish_FEETured_Attraction/,SOPHi,"Nail Polish, FEETured Attraction",02,https://static.ewg.org/skindeep_images/7601/760197.jpg
Nails,Nail Polish,https://www.ewg.org/skindeep/products/759946-Piggy_Paint_Nail_Polish_Peace_of_Cake/,Piggy Paint,"Nail Polish, Peace of Cake",02,https://static.ewg.org/skindeep_images/7599/759946.jpg
Nails,Nail Polish,https://www.ewg.org/skindeep/products/920308-Kapa_Nui_Nail_Color_Hilo_Orchid/,Kapa Nui,"Nail Color, Hilo Orchid",02,https://static.ewg.org/skindeep_images/9203/920308.jpg
Nails,Nail Polish,https://www.ewg.org/skindeep/products/920327-Kapa_Nui_Nail_Color_Little_Poni/,Kapa Nui,"Nail Color, Little Poni",02,https://static.ewg.org/skindeep_images/9203/920327.jpg
Nails,Nail Polish,https://www.ewg.org/skindeep/products/920312-Kapa_Nui_Nail_Color_Coconut/,Kapa Nui,"Nail Color, Coconut",02,https://static.ewg.org/skindeep_images/9203/920312.jpg
Nails,Nail Polish,https://www.ewg.org/skindeep/products/920314-Kapa_Nui_Nail_Color_Kapoho_Dreams/,Kapa Nui,"Nail Color, Kapoho Dreams",02,https://static.ewg.org/skindeep_images/9203/920314.jpg
Nails,Nail Polish,https://www.ewg.org/skindeep/products/920313-Kapa_Nui_Nail_Color_Kalapana/,Kapa Nui,"Nail Color, Kalapana",02,https://static.ewg.org/skindeep_images/9203/920313.jpg
Nails,Nail Polish,https://www.ewg.org/skindeep/products/920307-Kapa_Nui_Nail_Color_Blushing_Sun/,Kapa Nui,"Nail Color, Blushing Sun",02,https://static.ewg.org/skindeep_images/9203/920307.jpg
Nails,Nail Polish,https://www.ewg.org/skindeep/products/760199-SOPHi_Nail_Polish_Eiffel_of_Love/,SOPHi,"Nail Polish, Eiffel of Love",02,https://static.ewg.org/skindeep_images/7601/760199.jpg
Nails,Nail Polish,https://www.ewg.org/skindeep/products/759945-Piggy_Paint_Nail_Polish_Mermaid_in_the_Shade/,Piggy Paint,"Nail Polish, Mer-maid in the Shade",02,https://static.ewg.org/skindeep_images/7599/759945.jpg
Nails,Nail Polish,https://www.ewg.org/skindeep/products/920325-Kapa_Nui_Nail_Color_Hana_Aloha/,Kapa Nui,"Nail Color, Hana Aloha",02,https://static.ewg.org/skindeep_images/9203/920325.jpg
Nails,Nail Polish,https://www.ewg.org/skindeep/products/920326-Kapa_Nui_Nail_Color_Mahina/,Kapa Nui,"Nail Color, Mahina",02,https://static.ewg.org/skindeep_images/9203/920326.jpg
Nails,Nail Polish,https://www.ewg.org/skindeep/products/759972-SOPHi_Nail_Polish_PLUMP_Up_the_Volume/,SOPHi,"Nail Polish, PLUM-P Up the Volume",02,https://static.ewg.org/skindeep_images/7599/759972.jpg
Nails,Nail Polish,https://www.ewg.org/skindeep/products/759943-Piggy_Paint_Nail_Polish_PINKie_Promise/,Piggy Paint,"Nail Polish, PINKie Promise",02,https://static.ewg.org/skindeep_images/7599/759943.jpg
Nails,Nail Polish,https://www.ewg.org/skindeep/products/920329-Kapa_Nui_Nail_Color_Strawberry_Guava/,Kapa Nui,"Nail Color, Strawberry Guava",02,https://static.ewg.org/skindeep_images/9203/920329.jpg
Nails,Nail Polish,https://www.ewg.org/skindeep/products/920315-Kapa_Nui_Nail_Color_Hinahina/,Kapa Nui,"Nail Color, Hinahina",02,https://static.ewg.org/skindeep_images/9203/920315.jpg
Nails,Nail Polish,https://www.ewg.org/skindeep/products/759947-Piggy_Paint_Nail_Polish_Berry_Go_Round/,Piggy Paint,"Nail Polish, Berry Go Round",02,https://static.ewg.org/skindeep_images/7599/759947.jpg
Nails,Nail Polish,https://www.ewg.org/skindeep/products/920310-Kapa_Nui_Nail_Color_Magic_Sands/,Kapa Nui,"Nail Color, Magic Sands",02,https://static.ewg.org/skindeep_images/9203/920310.jpg
Nails,Nail Polish,https://www.ewg.org/skindeep/products/760204-SOPHi_Nail_Polish_Lost_in_London/,SOPHi,"Nail Polish, Lost in London",02,https://static.ewg.org/skindeep_images/7602/760204.jpg
Nails,Nail Polish,https://www.ewg.org/skindeep/products/759936-Piggy_Paint_Nail_Polish_Girls_Rule/,Piggy Paint,"Nail Polish, Girls Rule",02,https://static.ewg.org/skindeep_images/7599/759936.jpg
Nails,Nail Polish,https://www.ewg.org/skindeep/products/759948-Piggy_Paint_Nail_Polish_Brand_SpankN_Blue/,Piggy Paint,"Nail Polish, Brand Spank'N Blue",02,https://static.ewg.org/skindeep_images/7599/759948.jpg
Nails,Nail Polish,https://www.ewg.org/skindeep/products/759949-Piggy_Paint_Nail_Polish_Mint_to_Be/,Piggy Paint,"Nail Polish, Mint to Be",02,https://static.ewg.org/skindeep_images/7599/759949.jpg
Nails,Nail Polish,https://www.ewg.org/skindeep/products/920321-Kapa_Nui_Nail_Color_Nohea/,Kapa Nui,"Nail Color, Nohea",02,https://static.ewg.org/skindeep_images/9203/920321.jpg
Nails,Nail Polish,https://www.ewg.org/skindeep/products/920318-Kapa_Nui_Nail_Color_Molokini_Mermaid/,Kapa Nui,"Nail Color, Molokini Mermaid",02,https://static.ewg.org/skindeep_images/9203/920318.jpg
Nails,Nail Polish,https://www.ewg.org/skindeep/products/920311-Kapa_Nui_Nail_Color_Great_Tan/,Kapa Nui,"Nail Color, Great Tan!",02,https://static.ewg.org/skindeep_images/9203/920311.jpg
Nails,Nail Polish,https://www.ewg.org/skindeep/products/920309-Kapa_Nui_Nail_Color_Kona_Coffee_Ice_Cream/,Kapa Nui,"Nail Color, Kona Coffee Ice Cream",02,https://static.ewg.org/skindeep_images/9203/920309.jpg
Nails,Nail Polish,https://www.ewg.org/skindeep/products/759944-Piggy_Paint_Nail_Polish_Jazz_it_Up/,Piggy Paint,"Nail Polish, Jazz it Up",02,https://static.ewg.org/skindeep_images/7599/759944.jpg
Nails,Nail Polish,https://www.ewg.org/skindeep/products/780129-Poofy_Supernaturals_Wet_Cement_Nail_Polish/,Poofy Supernaturals,Wet Cement Nail Polish,02,https://static.ewg.org/skindeep/img/ewg_missing_product.png
Nails,Nail Polish,https://www.ewg.org/skindeep/products/759955-Piggy_Paint_Nail_Polish_Groovy_Grape/,Piggy Paint,"Nail Polish, Groovy Grape",02,https://static.ewg.org/skindeep_images/7599/759955.jpg
Nails,Nail Polish,https://www.ewg.org/skindeep/products/780063-Poofy_Supernaturals_Sparkling_Fairy_Nail_Polish/,Poofy Supernaturals,Sparkling Fairy Nail Polish,02,https://static.ewg.org/skindeep/img/ewg_missing_product.png
Nails,Nail Polish,https://www.ewg.org/skindeep/products/779891-Poofy_Supernaturals_Food_for_Vampires_Nail_Polish/,Poofy Supernaturals,Food for Vampires Nail Polish,02,https://static.ewg.org/skindeep/img/ewg_missing_product.png
Nails,Nail Polish,https://www.ewg.org/skindeep/products/779815-Poofy_Supernaturals_Bling__Beautiful_Nail_Polish/,Poofy Supernaturals,Bling & Beautiful Nail Polish,02,https://static.ewg.org/skindeep/img/ewg_missing_product.png
Nails,Nail Polish,https://www.ewg.org/skindeep/products/780042-Poofy_Supernaturals_Rock_It_Nail_Polish/,Poofy Supernaturals,Rock It Nail Polish,02,https://static.ewg.org/skindeep/img/ewg_missing_product.png
Nails,Nail Polish,https://www.ewg.org/skindeep/products/780017-Poofy_Supernaturals_Poofy_Bug_Nail_Polish/,Poofy Supernaturals,Poofy Bug Nail Polish,02,https://static.ewg.org/skindeep/img/ewg_missing_product.png
Nails,Nail Polish,https://www.ewg.org/skindeep/products/780047-Poofy_Supernaturals_Sandstorm_Nail_Polish/,Poofy Supernaturals,Sandstorm Nail Polish,02,https://static.ewg.org/skindeep/img/ewg_missing_product.png
Nails,Nail Polish,https://www.ewg.org/skindeep/products/780115-Poofy_Supernaturals_Twinkle_Toes_Nail_Polish/,Poofy Supernaturals,Twinkle Toes Nail Polish,02,https://static.ewg.org/skindeep/img/ewg_missing_product.png
Nails,Nail Polish,https://www.ewg.org/skindeep/products/779889-Poofy_Supernaturals_Fluffy_Clouds_Nail_Polish/,Poofy Supernaturals,Fluffy Clouds Nail Polish,02,https://static.ewg.org/skindeep/img/ewg_missing_product.png
Nails,Nail Polish,https://www.ewg.org/skindeep/products/779820-Poofy_Supernaturals_Blue_Nile_Nail_Polish/,Poofy Supernaturals,Blue Nile Nail Polish,02,https://static.ewg.org/skindeep/img/ewg_missing_product.png
Nails,Nail Polish,https://www.ewg.org/skindeep/products/780112-Poofy_Supernaturals_Try_Me_Nail_Polish/,Poofy Supernaturals,Try Me Nail Polish,02,https://static.ewg.org/skindeep/img/ewg_missing_product.png
Nails,Nail Polish,https://www.ewg.org/skindeep/products/780045-Poofy_Supernaturals_Rose_Champagne_Nail_Polish/,Poofy Supernaturals,Rose Champagne Nail Polish,02,https://static.ewg.org/skindeep/img/ewg_missing_product.png
Nails,Nail Polish,https://www.ewg.org/skindeep/products/759938-Piggy_Paint_Nail_Polish_Seaquin/,Piggy Paint,"Nail Polish, Sea-quin",02,https://static.ewg.org/skindeep_images/7599/759938.jpg
Nails,Nail Polish,https://www.ewg.org/skindeep/products/779792-Poofy_Supernaturals_angelwish_Nail_Polish/,Poofy Supernaturals,angelwish Nail Polish,02,https://static.ewg.org/skindeep/img/ewg_missing_product.png
Nails,Nail Polish,https://www.ewg.org/skindeep/products/779926-Poofy_Supernaturals_Hypnotize_Me_Nail_Polish/,Poofy Supernaturals,Hypnotize Me Nail Polish,02,https://static.ewg.org/skindeep/img/ewg_missing_product.png
Nails,Nail Polish,https://www.ewg.org/skindeep/products/877059-La_Colors_Unicorn_Sparkle_Nail_Polish_Unicorn_Sparkle/,L.A. Colors,"Unicorn Sparkle Nail Polish, Unicorn Sparkle",02,https://static.ewg.org/skindeep_images/8770/877059.jpg
Nails,Nail Polish,https://www.ewg.org/skindeep/products/779943-Poofy_Supernaturals_Lemonade_Stand_Nail_Polish/,Poofy Supernaturals,Lemonade Stand Nail Polish,02,https://static.ewg.org/skindeep/img/ewg_missing_product.png
Nails,Nail Polish,https://www.ewg.org/skindeep/products/780098-Poofy_Supernaturals_Tealtastic_Nail_Polish/,Poofy Supernaturals,Teal-tastic Nail Polish,02,https://static.ewg.org/skindeep/img/ewg_missing_product.png
Nails,Nail Polish,https://www.ewg.org/skindeep/products/779872-Poofy_Supernaturals_Electricity_Nail_Polish/,Poofy Supernaturals,Electricity Nail Polish,02,https://static.ewg.org/skindeep/img/ewg_missing_product.png
Nails,Nail Polish,https://www.ewg.org/skindeep/products/780069-Poofy_Supernaturals_Spiced_Pumpkin_Nail_Polish/,Poofy Supernaturals,Spiced Pumpkin Nail Polish,02,https://static.ewg.org/skindeep/img/ewg_missing_product.png
Nails,Nail Polish,https://www.ewg.org/skindeep/products/779855-Poofy_Supernaturals_Copperific_Nail_Polish/,Poofy Supernaturals,Copperific Nail Polish,02,https://static.ewg.org/skindeep/img/ewg_missing_product.png
Nails,Nail Polish,https://www.ewg.org/skindeep/products/779800-Poofy_Supernaturals_Autumnal_Nail_Polish/,Poofy Supernaturals,Autumnal Nail Polish,02,https://static.ewg.org/skindeep/img/ewg_missing_product.png
Nails,Nail Polish,https://www.ewg.org/skindeep/products/780127-Poofy_Supernaturals_Volcanic_Ash_Nail_Polish/,Poofy Supernaturals,Volcanic Ash Nail Polish,02,https://static.ewg.org/skindeep/img/ewg_missing_product.png
Nails,Nail Polish,https://www.ewg.org/skindeep/products/780094-Poofy_Supernaturals_Tango_Central_Nail_Polish/,Poofy Supernaturals,Tango Central Nail Polish,02,https://static.ewg.org/skindeep/img/ewg_missing_product.png
Nails,Nail Polish,https://www.ewg.org/skindeep/products/779882-Poofy_Supernaturals_Fiercely_Fast_Nail_Polish/,Poofy Supernaturals,Fiercely Fast Nail Polish,02,https://static.ewg.org/skindeep/img/ewg_missing_product.png
Nails,Nail Polish,https://www.ewg.org/skindeep/products/779883-Poofy_Supernaturals_Filthy_Rich_Nail_Polish/,Poofy Supernaturals,Filthy Rich Nail Polish,02,https://static.ewg.org/skindeep/img/ewg_missing_product.png
Nails,Nail Polish,https://www.ewg.org/skindeep/products/779910-Poofy_Supernaturals_Gunmetal_Nail_Polish/,Poofy Supernaturals,Gunmetal Nail Polish,02,https://static.ewg.org/skindeep/img/ewg_missing_product.png
Nails,Nail Polish,https://www.ewg.org/skindeep/products/779935-Poofy_Supernaturals_Island_Getaway_Nail_Polish/,Poofy Supernaturals,Island Getaway Nail Polish,02,https://static.ewg.org/skindeep/img/ewg_missing_product.png
Nails,Nail Polish,https://www.ewg.org/skindeep/products/853900-NailAid_Gel_Xtreme_Shine_Top_Coat/,,Nail-Aid Gel Xtreme Shine Top Coat,02,https://static.ewg.org/skindeep_images/8539/853900.jpg
Nails,Nail Polish,https://www.ewg.org/skindeep/products/779864-Poofy_Supernaturals_Deepest_Desire_Nail_Polish/,Poofy Supernaturals,Deepest Desire Nail Polish,02,https://static.ewg.org/skindeep/img/ewg_missing_product.png
Nails,Nail Polish,https://www.ewg.org/skindeep/products/780081-Poofy_Supernaturals_Sunny_Days_Nail_Polish/,Poofy Supernaturals,Sunny Days Nail Polish,02,https://static.ewg.org/skindeep/img/ewg_missing_product.png
Nails,Nail Polish,https://www.ewg.org/skindeep/products/759940-Piggy_Paint_Nail_Polish_Fairy_Fabulous/,Piggy Paint,"Nail Polish, Fairy Fabulous",02,https://static.ewg.org/skindeep_images/7599/759940.jpg
Nails,Nail Polish,https://www.ewg.org/skindeep/products/779881-Poofy_Supernaturals_Femme_Fatale_Nail_Polish/,Poofy Supernaturals,Femme Fatale Nail Polish,02,https://static.ewg.org/skindeep/img/ewg_missing_product.png
Nails,Nail Polish,https://www.ewg.org/skindeep/products/779803-Poofy_Supernaturals_Bahamas_Blue_Nail_Polish/,Poofy Supernaturals,Bahamas Blue Nail Polish,02,https://static.ewg.org/skindeep/img/ewg_missing_product.png
Nails,Nail Polish,https://www.ewg.org/skindeep/products/779936-Poofy_Supernaturals_Jamaican_Slang_Nail_Polish/,Poofy Supernaturals,Jamaican Slang Nail Polish,02,https://static.ewg.org/skindeep/img/ewg_missing_product.png
Nails,Nail Polish,https://www.ewg.org/skindeep/products/780051-Poofy_Supernaturals_Sedona_Getaway_Nail_Polish/,Poofy Supernaturals,Sedona Getaway Nail Polish,02,https://static.ewg.org/skindeep/img/ewg_missing_product.png
Nails,Nail Polish,https://www.ewg.org/skindeep/products/779822-Poofy_Supernaturals_Bluest_Desire_Nail_Polish/,Poofy Supernaturals,Bluest Desire Nail Polish,02,https://static.ewg.org/skindeep/img/ewg_missing_product.png
Nails,Nail Polish,https://www.ewg.org/skindeep/products/779821-Poofy_Supernaturals_Blue_Zone_Nail_Polish/,Poofy Supernaturals,Blue Zone Nail Polish,02,https://static.ewg.org/skindeep/img/ewg_missing_product.png
Nails,Nail Polish,https://www.ewg.org/skindeep/products/780007-Poofy_Supernaturals_Pink_Posies_Nail_Polish/,Poofy Supernaturals,Pink Posies Nail Polish,02,https://static.ewg.org/skindeep/img/ewg_missing_product.png
Nails,Nail Polish,https://www.ewg.org/skindeep/products/759929-Piggy_Paint_Nail_Polish_Forever_Fancy/,Piggy Paint,"Nail Polish, Forever Fancy",02,https://static.ewg.org/skindeep_images/7599/759929.jpg
Nails,Nail Polish,https://www.ewg.org/skindeep/products/780037-Poofy_Supernaturals_Red_Clay_Nail_Polish/,Poofy Supernaturals,Red Clay Nail Polish,02,https://static.ewg.org/skindeep/img/ewg_missing_product.png
Nails,Nail Polish,https://www.ewg.org/skindeep/products/779838-Poofy_Supernaturals_Bubblegum_Pink_Nail_Polish/,Poofy Supernaturals,Bubblegum Pink Nail Polish,02,https://static.ewg.org/skindeep/img/ewg_missing_product.png
Nails,Nail Polish,https://www.ewg.org/skindeep/products/779809-Poofy_Supernaturals_Beet_It_Nail_Polish/,Poofy Supernaturals,Beet It Nail Polish,02,https://static.ewg.org/skindeep/img/ewg_missing_product.png
Nails,Nail Polish,https://www.ewg.org/skindeep/products/780103-Poofy_Supernaturals_Tickled_Peach_Nail_Polish/,Poofy Supernaturals,Tickled Peach Nail Polish,02,https://static.ewg.org/skindeep/img/ewg_missing_product.png
Nails,Nail Polish,https://www.ewg.org/skindeep/products/780072-Poofy_Supernaturals_Starchild_Nail_Polish/,Poofy Supernaturals,Starchild Nail Polish,02,https://static.ewg.org/skindeep/img/ewg_missing_product.png
Nails,Nail Polish,https://www.ewg.org/skindeep/products/779955-Poofy_Supernaturals_Mariah_Papaya_Nail_Polish/,Poofy Supernaturals,Mariah Papaya Nail Polish,02,https://static.ewg.org/skindeep/img/ewg_missing_product.png
Nails,Nail Polish,https://www.ewg.org/skindeep/products/779917-Poofy_Supernaturals_Here__There_Nail_Polish/,Poofy Supernaturals,Here & There Nail Polish,02,https://static.ewg.org/skindeep/img/ewg_missing_product.png
Nails,Nail Polish,https://www.ewg.org/skindeep/products/759975-SOPHi_Nail_Polish_NoFilter/,SOPHi,"Nail Polish, #NoFilter",02,https://static.ewg.org/skindeep_images/7599/759975.jpg
Nails,Nail Polish,https://www.ewg.org/skindeep/products/779850-Poofy_Supernaturals_Club_It_Up_Nail_Polish/,Poofy Supernaturals,Club It Up Nail Polish,02,https://static.ewg.org/skindeep/img/ewg_missing_product.png
Nails,Nail Polish,https://www.ewg.org/skindeep/products/779928-Poofy_Supernaturals_Icy_Spearmint_Nail_Polish/,Poofy Supernaturals,Icy Spearmint Nail Polish,02,https://static.ewg.org/skindeep/img/ewg_missing_product.png
Nails,Nail Polish,https://www.ewg.org/skindeep/products/779901-Poofy_Supernaturals_Girly_Girl_Nail_Polish/,Poofy Supernaturals,Girly Girl Nail Polish,02,https://static.ewg.org/skindeep/img/ewg_missing_product.png
Nails,Nail Polish,https://www.ewg.org/skindeep/products/780114-Poofy_Supernaturals_Turquoise_Twist_Nail_Polish/,Poofy Supernaturals,Turquoise Twist Nail Polish,02,https://static.ewg.org/skindeep/img/ewg_missing_product.png
Nails,Nail Polish,https://www.ewg.org/skindeep/products/779984-Poofy_Supernaturals_Old_French_Beige_Nail_Polish/,Poofy Supernaturals,Old French Beige Nail Polish,02,https://static.ewg.org/skindeep/img/ewg_missing_product.png
Nails,Nail Polish,https://www.ewg.org/skindeep/products/779784-Poofy_Supernaturals_2in1_Base_TopCoat_Nail_Polish/,Poofy Supernaturals,2-in-1 Base TopCoat Nail Polish,02,https://static.ewg.org/skindeep/img/ewg_missing_product.png
Nails,Nail Polish,https://www.ewg.org/skindeep/products/779811-Poofy_Supernaturals_Black_Cherries_Nail_Polish/,Poofy Supernaturals,Black Cherries Nail Polish,02,https://static.ewg.org/skindeep/img/ewg_missing_product.png
Nails,Nail Polish,https://www.ewg.org/skindeep/products/780064-Poofy_Supernaturals_Sparkly_Lily_Nail_Polish/,Poofy Supernaturals,Sparkly Lily Nail Polish,02,https://static.ewg.org/skindeep/img/ewg_missing_product.png
Nails,Nail Polish,https://www.ewg.org/skindeep/products/779880-Poofy_Supernaturals_Fall_Fashionista_Nail_Polish/,Poofy Supernaturals,Fall Fashionista Nail Polish,02,https://static.ewg.org/skindeep/img/ewg_missing_product.png
Nails,Nail Polish,https://www.ewg.org/skindeep/products/779969-Poofy_Supernaturals_Nail_Hardener_Nail_Polish/,Poofy Supernaturals,Nail Hardener Nail Polish,02,https://static.ewg.org/skindeep/img/ewg_missing_product.png
Nails,Nail Polish,https://www.ewg.org/skindeep/products/780014-Poofy_Supernaturals_Plumtastic_Nail_Polish/,Poofy Supernaturals,Plumtastic Nail Polish,02,https://static.ewg.org/skindeep/img/ewg_missing_product.png
Nails,Nail Polish,https://www.ewg.org/skindeep/products/780107-Poofy_Supernaturals_Too_Much_Coffee_Nail_Polish/,Poofy Supernaturals,Too Much Coffee Nail Polish,02,https://static.ewg.org/skindeep/img/ewg_missing_product.png
Nails,Nail Polish,https://www.ewg.org/skindeep/products/779848-Poofy_Supernaturals_Classy__Fabulous_Nail_Polish/,Poofy Supernaturals,Classy & Fabulous Nail Polish,02,https://static.ewg.org/skindeep/img/ewg_missing_product.png
Nails,Nail Polish,https://www.ewg.org/skindeep/products/927171-Bitzy_Nail_Color_Aura/,Bitzy,"Nail Color, Aura",02,https://static.ewg.org/skindeep_images/9271/927171.jpg
Nails,Nail Polish,https://www.ewg.org/skindeep/products/780145-Poofy_Supernaturals_Wowtastic_Nail_Polish/,Poofy Supernaturals,Wowtastic Nail Polish,02,https://static.ewg.org/skindeep/img/ewg_missing_product.png
Nails,Nail Polish,https://www.ewg.org/skindeep/products/779976-Poofy_Supernaturals_Neutrality_Nail_Polish/,Poofy Supernaturals,Neutrality Nail Polish,02,https://static.ewg.org/skindeep/img/ewg_missing_product.png
Nails,Nail Polish,https://www.ewg.org/skindeep/products/780095-Poofy_Supernaturals_Taupe_or_Bust_Nail_Polish/,Poofy Supernaturals,Taupe or Bust Nail Polish,02,https://static.ewg.org/skindeep/img/ewg_missing_product.png
Nails,Nail Polish,https://www.ewg.org/skindeep/products/780126-Poofy_Supernaturals_Viridian_Nail_Polish/,Poofy Supernaturals,Viridian Nail Polish,02,https://static.ewg.org/skindeep/img/ewg_missing_product.png
Nails,Nail Polish,https://www.ewg.org/skindeep/products/759939-Piggy_Paint_Nail_Polish_Sweetpea_/,Piggy Paint,"Nail Polish, Sweetpea",02,https://static.ewg.org/skindeep_images/7599/759939.jpg
Nails,Nail Polish,https://www.ewg.org/skindeep/products/780012-Poofy_Supernaturals_Pinot_Noir_Nail_Polish/,Poofy Supernaturals,Pinot Noir Nail Polish,02,https://static.ewg.org/skindeep/img/ewg_missing_product.png
Nails,Nail Polish,https://www.ewg.org/skindeep/products/779842-Poofy_Supernaturals_Candy_Girl_Nail_Polish/,Poofy Supernaturals,Candy Girl Nail Polish,02,https://static.ewg.org/skindeep/img/ewg_missing_product.png
Nails,Nail Polish,https://www.ewg.org/skindeep/products/876466-LA_Colors_Sparkle_Nail_Polish_Unicorn_Sparkle/,L.A. Colors,"Sparkle Nail Polish, Unicorn Sparkle",02,https://static.ewg.org/skindeep/img/ewg_missing_product.png
Nails,Nail Polish,https://www.ewg.org/skindeep/products/780027-Poofy_Supernaturals_Purple_Cheetah_Nail_Polish/,Poofy Supernaturals,Purple Cheetah Nail Polish,02,https://static.ewg.org/skindeep/img/ewg_missing_product.png
Nails,Nail Polish,https://www.ewg.org/skindeep/products/759956-Piggy_Paint_Nail_Polish_Drama/,Piggy Paint,"Nail Polish, Drama",02,https://static.ewg.org/skindeep_images/7599/759956.jpg
Nails,Nail Polish,https://www.ewg.org/skindeep/products/779963-Poofy_Supernaturals_Mint_Chocolate_Chip_Nail_Polish/,Poofy Supernaturals,Mint Chocolate Chip Nail Polish,02,https://static.ewg.org/skindeep/img/ewg_missing_product.png
Nails,Nail Polish,https://www.ewg.org/skindeep/products/779939-Poofy_Supernaturals_Jealous_Much_Nail_Polish/,Poofy Supernaturals,Jealous Much Nail Polish,02,https://static.ewg.org/skindeep/img/ewg_missing_product.png
Nails,Nail Polish,https://www.ewg.org/skindeep/products/780056-Poofy_Supernaturals_Shocking_Red_Nail_Polish/,Poofy Supernaturals,Shocking Red Nail Polish,02,https://static.ewg.org/skindeep/img/ewg_missing_product.png
Nails,Nail Polish,https://www.ewg.org/skindeep/products/779860-Poofy_Supernaturals_Craziness_Nail_Polish/,Poofy Supernaturals,Craziness Nail Polish,02,https://static.ewg.org/skindeep/img/ewg_missing_product.png
Nails,Nail Polish,https://www.ewg.org/skindeep/products/780011-Poofy_Supernaturals_Pinktastic_Nail_Polish/,Poofy Supernaturals,Pinktastic Nail Polish,02,https://static.ewg.org/skindeep/img/ewg_missing_product.png
Nails,Nail Polish,https://www.ewg.org/skindeep/products/779879-Poofy_Supernaturals_Fairy_Dust_Nail_Polish/,Poofy Supernaturals,Fairy Dust Nail Polish,02,https://static.ewg.org/skindeep/img/ewg_missing_product.png
Nails,Nail Polish,https://www.ewg.org/skindeep/products/780134-Poofy_Supernaturals_Wineday_Nail_Polish/,Poofy Supernaturals,Wineday Nail Polish,02,https://static.ewg.org/skindeep/img/ewg_missing_product.png
Nails,Nail Polish,https://www.ewg.org/skindeep/products/779788-Poofy_Supernaturals_Almond_Biscotti_Nail_Polish/,Poofy Supernaturals,Almond Biscotti Nail Polish,02,https://static.ewg.org/skindeep/img/ewg_missing_product.png
Nails,Nail Polish,https://www.ewg.org/skindeep/products/779993-Poofy_Supernaturals_Orchid_Fantasies_Nail_Polish/,Poofy Supernaturals,Orchid Fantasies Nail Polish,02,https://static.ewg.org/skindeep/img/ewg_missing_product.png
Nails,Nail Polish,https://www.ewg.org/skindeep/products/779870-Poofy_Supernaturals_Dusty_Rose_Nail_Polish/,Poofy Supernaturals,Dusty Rose Nail Polish,02,https://static.ewg.org/skindeep/img/ewg_missing_product.png
Nails,Nail Polish,https://www.ewg.org/skindeep/products/779958-Poofy_Supernaturals_Melon_Mamma_Nail_Polish/,Poofy Supernaturals,Melon Mamma Nail Polish,02,https://static.ewg.org/skindeep/img/ewg_missing_product.png
Nails,Nail Polish,https://www.ewg.org/skindeep/products/779791-Poofy_Supernaturals_Amazing_Amethyst_Nail_Polish/,Poofy Supernaturals,Amazing Amethyst Nail Polish,02,https://static.ewg.org/skindeep/img/ewg_missing_product.png
Nails,Nail Polish,https://www.ewg.org/skindeep/products/779971-Poofy_Supernaturals_Naughty_Navy_Nail_Polish/,Poofy Supernaturals,Naughty Navy Nail Polish,02,https://static.ewg.org/skindeep/img/ewg_missing_product.png
Nails,Nail Polish,https://www.ewg.org/skindeep/products/759958-Piggy_Paint_Nail_Polish_Radioactive/,Piggy Paint,"Nail Polish, Radioactive",02,https://static.ewg.org/skindeep_images/7599/759958.jpg
Nails,Nail Polish,https://www.ewg.org/skindeep/products/780097-Poofy_Supernaturals_Teal_Me_Away_Nail_Polish/,Poofy Supernaturals,Teal Me Away Nail Polish,02,https://static.ewg.org/skindeep/img/ewg_missing_product.png
Nails,Nail Polish,https://www.ewg.org/skindeep/products/779979-Poofy_Supernaturals_Nonnas_Heart_Nail_Polish/,Poofy Supernaturals,Nonna's Heart Nail Polish,02,https://static.ewg.org/skindeep/img/ewg_missing_product.png
Nails,Nail Polish,https://www.ewg.org/skindeep/products/927176-Bitzy_Nail_Color_Flawless/,Bitzy,"Nail Color, Flawless",02,https://static.ewg.org/skindeep_images/9271/927176.jpg
Nails,Nail Polish,https://www.ewg.org/skindeep/products/780050-Poofy_Supernaturals_Secret_Pink_Nail_Polish/,Poofy Supernaturals,Secret Pink Nail Polish,02,https://static.ewg.org/skindeep/img/ewg_missing_product.png
Nails,Nail Polish,https://www.ewg.org/skindeep/products/779843-Poofy_Supernaturals_Caramel_Spice_Nail_Polish/,Poofy Supernaturals,Caramel Spice Nail Polish,02,https://static.ewg.org/skindeep/img/ewg_missing_product.png
Nails,Nail Polish,https://www.ewg.org/skindeep/products/780083-Poofy_Supernaturals_Sunset_Park_Nail_Polish/,Poofy Supernaturals,Sunset Park Nail Polish,02,https://static.ewg.org/skindeep/img/ewg_missing_product.png
Nails,Nail Polish,https://www.ewg.org/skindeep/products/779816-Poofy_Supernaturals_Bling_Bling_Black_Nail_Polish/,Poofy Supernaturals,Bling Bling Black Nail Polish,02,https://static.ewg.org/skindeep/img/ewg_missing_product.png
Nails,Nail Polish,https://www.ewg.org/skindeep/products/878228-China_Glaze_Nail_Lacquer_With_Hardeners_1290_Thistle_Do_Nicely/,China Glaze,"Nail Lacquer With Hardeners, 1290 Thistle Do Nicely",02,https://static.ewg.org/skindeep_images/8782/878228.jpg
Nails,Nail Polish,https://www.ewg.org/skindeep/products/780087-Poofy_Supernaturals_Sweet_as_Sugar_Nail_Polish/,Poofy Supernaturals,Sweet as Sugar Nail Polish,02,https://static.ewg.org/skindeep/img/ewg_missing_product.png
Nails,Nail Polish,https://www.ewg.org/skindeep/products/779818-Poofy_Supernaturals_Blue_Eyes_Nail_Polish/,Poofy Supernaturals,Blue Eyes Nail Polish,02,https://static.ewg.org/skindeep/img/ewg_missing_product.png
Nails,Nail Polish,https://www.ewg.org/skindeep/products/779906-Poofy_Supernaturals_Gold_Rush_Nail_Polish/,Poofy Supernaturals,Gold Rush Nail Polish,02,https://static.ewg.org/skindeep/img/ewg_missing_product.png
Nails,Nail Polish,https://www.ewg.org/skindeep/products/780135-Poofy_Supernaturals_Wingin_It_Nail_Polish/,Poofy Supernaturals,Wingin' It Nail Polish,02,https://static.ewg.org/skindeep/img/ewg_missing_product.png
Nails,Nail Polish,https://www.ewg.org/skindeep/products/780036-Poofy_Supernaturals_Razzle_Dazzle_Nail_Polish/,Poofy Supernaturals,Razzle Dazzle Nail Polish,02,https://static.ewg.org/skindeep/img/ewg_missing_product.png
Nails,Nail Polish,https://www.ewg.org/skindeep/products/780023-Poofy_Supernaturals_Pretty_in_Pink_Nail_Polish/,Poofy Supernaturals,Pretty in Pink Nail Polish,02,https://static.ewg.org/skindeep/img/ewg_missing_product.png
Nails,Nail Polish,https://www.ewg.org/skindeep/products/779897-Poofy_Supernaturals_Funky_Fine_Nail_Polish/,Poofy Supernaturals,Funky Fine Nail Polish,02,https://static.ewg.org/skindeep/img/ewg_missing_product.png
Nails,Nail Polish,https://www.ewg.org/skindeep/products/878971-Sally_Hansen_Spray_on_Base_Coat/,Sally Hansen,Spray on Base Coat,02,https://static.ewg.org/skindeep_images/8789/878971.jpg
Nails,Nail Polish,https://www.ewg.org/skindeep/products/779924-Poofy_Supernaturals_Hot_Chocolate_Nail_Polish/,Poofy Supernaturals,Hot Chocolate Nail Polish,02,https://static.ewg.org/skindeep/img/ewg_missing_product.png
Nails,Nail Polish,https://www.ewg.org/skindeep/products/780106-Poofy_Supernaturals_Tinsel_Town_Nail_Polish/,Poofy Supernaturals,Tinsel Town Nail Polish,02,https://static.ewg.org/skindeep/img/ewg_missing_product.png
Nails,Nail Polish,https://www.ewg.org/skindeep/products/779909-Poofy_Supernaturals_Green_Machine_Nail_Polish/,Poofy Supernaturals,Green Machine Nail Polish,02,https://static.ewg.org/skindeep/img/ewg_missing_product.png
Nails,Nail Polish,https://www.ewg.org/skindeep/products/779957-Poofy_Supernaturals_Mauvelous_Nail_Polish/,Poofy Supernaturals,Mauvelous Nail Polish,02,https://static.ewg.org/skindeep/img/ewg_missing_product.png
Nails,Nail Polish,https://www.ewg.org/skindeep/products/779839-Poofy_Supernaturals_Cali_Rose_Nail_Polish/,Poofy Supernaturals,Cali Rose Nail Polish,02,https://static.ewg.org/skindeep/img/ewg_missing_product.png
Nails,Nail Polish,https://www.ewg.org/skindeep/products/880435-Ella__Mila_Base_Coat_Nail_Lacquer/,,Ella + Mila Base Coat Nail Lacquer,02,https://static.ewg.org/skindeep_images/8804/880435.jpg
Nails,Nail Polish,https://www.ewg.org/skindeep/products/780029-Poofy_Supernaturals_Purple_Rain_Nail_Polish/,Poofy Supernaturals,Purple Rain Nail Polish,02,https://static.ewg.org/skindeep/img/ewg_missing_product.png
Nails,Nail Polish,https://www.ewg.org/skindeep/products/780031-Poofy_Supernaturals_Raspberry_Beret_Nail_Polish/,Poofy Supernaturals,Raspberry Beret Nail Polish,02,https://static.ewg.org/skindeep/img/ewg_missing_product.png
Nails,Nail Polish,https://www.ewg.org/skindeep/products/780026-Poofy_Supernaturals_Pumpkin_Patch_Nail_Polish/,Poofy Supernaturals,Pumpkin Patch Nail Polish,02,https://static.ewg.org/skindeep/img/ewg_missing_product.png
Nails,Nail Polish,https://www.ewg.org/skindeep/products/759935-Piggy_Paint_Nail_Polish_Glass_Slippers/,Piggy Paint,"Nail Polish, Glass Slippers",02,https://static.ewg.org/skindeep_images/7599/759935.jpg
Nails,Nail Polish,https://www.ewg.org/skindeep/products/780048-Poofy_Supernaturals_Sandy_Beach_Nail_Polish/,Poofy Supernaturals,Sandy Beach Nail Polish,02,https://static.ewg.org/skindeep/img/ewg_missing_product.png
Nails,Nail Polish,https://www.ewg.org/skindeep/products/780019-Poofy_Supernaturals_Powder_Room_Nail_Polish/,Poofy Supernaturals,Powder Room Nail Polish,02,https://static.ewg.org/skindeep/img/ewg_missing_product.png
Nails,Nail Polish,https://www.ewg.org/skindeep/products/779951-Poofy_Supernaturals_Love_Affair_Nail_Polish/,Poofy Supernaturals,Love Affair Nail Polish,02,https://static.ewg.org/skindeep/img/ewg_missing_product.png
Nails,Nail Polish,https://www.ewg.org/skindeep/products/779907-Poofy_Supernaturals_Great_Escape_Nail_Polish/,Poofy Supernaturals,Great Escape Nail Polish,02,https://static.ewg.org/skindeep/img/ewg_missing_product.png
Nails,Nail Polish,https://www.ewg.org/skindeep/products/779849-Poofy_Supernaturals_Clowning_Around_Nail_Polish/,Poofy Supernaturals,Clowning Around Nail Polish,02,https://static.ewg.org/skindeep/img/ewg_missing_product.png
Nails,Nail Polish,https://www.ewg.org/skindeep/products/779927-Poofy_Supernaturals_I_AM_Dark_Blue_Nail_Polish/,Poofy Supernaturals,I AM Dark Blue Nail Polish,02,https://static.ewg.org/skindeep/img/ewg_missing_product.png
Nails,Nail Polish,https://www.ewg.org/skindeep/products/759959-Piggy_Paint_Nail_Polish_LOL/,Piggy Paint,"Nail Polish, LOL",02,https://static.ewg.org/skindeep_images/7599/759959.jpg
Nails,Nail Polish,https://www.ewg.org/skindeep/products/920427-Lauren_B_Beauty_Nail_Couture_Summer_in_Provence/,Lauren B. Beauty,"Nail Couture, Summer in Provence",03,https://static.ewg.org/skindeep_images/9204/920427.jpg
Nails,Nail Polish,https://www.ewg.org/skindeep/products/920495-Lauren_B_Beauty_Nail_Couture_Pacific_Palisades_/,Lauren B. Beauty,"Nail Couture, Pacific Palisades",03,https://static.ewg.org/skindeep_images/9204/920495.jpg
Nails,Nail Polish,https://www.ewg.org/skindeep/products/927164-Bitzy_Nail_Color_Candy_Shop/,Bitzy,"Nail Color, Candy Shop",03,https://static.ewg.org/skindeep_images/9271/927164.jpg
Nails,Nail Polish,https://www.ewg.org/skindeep/products/927158-Bitzy_Nail_Color_Yes_Please/,Bitzy,"Nail Color, Yes, Please",03,https://static.ewg.org/skindeep_images/9271/927158.jpg
Nails,Nail Polish,https://www.ewg.org/skindeep/products/920428-Lauren_B_Beauty_Nail_Couture_Santorini_Seduction/,Lauren B. Beauty,"Nail Couture, Santorini Seduction",03,https://static.ewg.org/skindeep_images/9204/920428.jpg
Nails,Nail Polish,https://www.ewg.org/skindeep/products/920484-Lauren_B_Beauty_Nail_Couture_Mulholland_Drive/,Lauren B. Beauty,"Nail Couture, Mulholland Drive",03,https://static.ewg.org/skindeep_images/9204/920484.jpg
Nails,Nail Polish,https://www.ewg.org/skindeep/products/920490-Lauren_B_Beauty_Nail_Couture_Downtown_Skyline/,Lauren B. Beauty,"Nail Couture, Downtown Skyline",03,https://static.ewg.org/skindeep_images/9204/920490.jpg
Nails,Nail Polish,https://www.ewg.org/skindeep/products/935704-La_Colors_Color_Craze_Extreme_Shine_Gel_Like_Nail_Polish_Skinny_Dip_Cnl_383/,L.A. Colors,"Color Craze Extreme Shine Gel Like Nail Polish, Skinny Dip Cnl 383",03,https://static.ewg.org/skindeep/img/ewg_missing_product.png
Nails,Nail Polish,https://www.ewg.org/skindeep/products/920425-Lauren_B_Beauty_Nail_Couture_Dual_Base_Top_Coat_/,Lauren B. Beauty,Nail Couture Dual Base Top Coat,03,https://static.ewg.org/skindeep_images/9204/920425.jpg
Nails,Nail Polish,https://www.ewg.org/skindeep/products/920473-Lauren_B_Beauty_Nail_Couture_Greystone_Grey/,Lauren B. Beauty,"Nail Couture, Greystone Grey",03,https://static.ewg.org/skindeep_images/9204/920473.jpg
Nails,Nail Polish,https://www.ewg.org/skindeep/products/927185-Bitzy_Nail_Color_Knick_Knack/,Bitzy,"Nail Color, Knick Knack",03,https://static.ewg.org/skindeep_images/9271/927185.jpg
Nails,Nail Polish,https://www.ewg.org/skindeep/products/920479-Lauren_B_Beauty_Nail_Couture_Hollywood_Royalty/,Lauren B. Beauty,"Nail Couture, Hollywood Royalty",03,https://static.ewg.org/skindeep_images/9204/920479.jpg
Nails,Nail Polish,https://www.ewg.org/skindeep/products/920429-Lauren_B_Beauty_Nail_Couture_Polynesian_Plumeria/,Lauren B. Beauty,"Nail Couture, Polynesian Plumeria",03,https://static.ewg.org/skindeep_images/9204/920429.jpg
Nails,Nail Polish,https://www.ewg.org/skindeep/products/920454-Lauren_B_Beauty_Nail_Couture_Beverly_Hills_Blush/,Lauren B. Beauty,"Nail Couture, Beverly Hills Blush",03,https://static.ewg.org/skindeep_images/9204/920454.jpg
Nails,Nail Polish,https://www.ewg.org/skindeep/products/920453-Lauren_B_Beauty_Nail_Couture_Palm_Springs_Getaway/,Lauren B. Beauty,"Nail Couture, Palm Springs Getaway",03,https://static.ewg.org/skindeep_images/9204/920453.jpg
Nails,Nail Polish,https://www.ewg.org/skindeep/products/916516-OPI_Nail_Lacquer_Nl_N73/,OPI,"O.P.I Nail Lacquer, Nl N73",03,https://static.ewg.org/skindeep_images/9165/916516.jpg
Nails,Nail Polish,https://www.ewg.org/skindeep/products/927163-Bitzy_Nail_Color_Rosy_Posy/,Bitzy,"Nail Color, Rosy Posy",03,https://static.ewg.org/skindeep_images/9271/927163.jpg
Nails,Nail Polish,https://www.ewg.org/skindeep/products/883757-LA_Colors_Color_Craze_Extreme_Shine_Polish_Gel_Cnl181_Hocus_Pocus/,L.A. Colors,"Color Craze Extreme Shine Polish Gel, Cnl181 Hocus Pocus",03,https://static.ewg.org/skindeep/img/ewg_missing_product.png
Nails,Nail Polish,https://www.ewg.org/skindeep/products/916751-More_Than_Magic_Nail_Polish_Turquoise_Twirl/,,"More Than Magic Nail Polish, Turquoise Twirl",03,https://static.ewg.org/skindeep/img/ewg_missing_product.png
Nails,Nail Polish,https://www.ewg.org/skindeep/products/920494-Lauren_B_Beauty_Nail_Couture_LA_Smog/,Lauren B. Beauty,"Nail Couture, L.A. Smog",03,https://static.ewg.org/skindeep_images/9204/920494.jpg
Nails,Nail Polish,https://www.ewg.org/skindeep/products/920496-Lauren_B_Beauty_Nail_Couture_Rodeo_Drive_/,Lauren B. Beauty,"Nail Couture, Rodeo Drive",03,https://static.ewg.org/skindeep/img/ewg_missing_product.png
Nails,Nail Polish,https://www.ewg.org/skindeep/products/920486-Lauren_B_Beauty_Nail_Couture_Paparazzi_/,Lauren B. Beauty,"Nail Couture, Paparazzi",03,https://static.ewg.org/skindeep_images/9204/920486.jpg
Nails,Nail Polish,https://www.ewg.org/skindeep/products/927166-Bitzy_Nail_Color_Tomatillo/,Bitzy,"Nail Color, Tomatillo",03,https://static.ewg.org/skindeep_images/9271/927166.jpg
Nails,Nail Polish,https://www.ewg.org/skindeep/products/927172-Bitzy_Nail_Color_Party_Girl_/,Bitzy,"Nail Color, Party Girl",03,https://static.ewg.org/skindeep_images/9271/927172.jpg
Nails,Nail Polish,https://www.ewg.org/skindeep/products/918509-La_Colors_Color_Craze_Gel_Polish_Lucky_Cnl224/,L.A. Colors,"Color Craze Gel Polish, Lucky Cnl224",03,https://static.ewg.org/skindeep_images/9185/918509.jpg
Nails,Nail Polish,https://www.ewg.org/skindeep/products/886901-Nail_Magic_WET_High_Gloss_Top_Coat/,Nail Magic,WET High Gloss Top Coat,03,https://static.ewg.org/skindeep/img/ewg_missing_product.png
Nails,Nail Polish,https://www.ewg.org/skindeep/products/876593-Smackers_Nail_Polish_Sorceress_of_the_Sea/,Smackers,"Nail Polish, Sorceress of the Sea",03,https://static.ewg.org/skindeep_images/8765/876593.jpg
Nails,Nail Polish,https://www.ewg.org/skindeep/products/920441-Lauren_B_Beauty_Nail_Couture_Departing_LAX/,Lauren B. Beauty,"Nail Couture, Departing LAX",03,https://static.ewg.org/skindeep_images/9204/920441.jpg
Nails,Nail Polish,https://www.ewg.org/skindeep/products/927170-Bitzy_Nail_Color_Dilly_Dally/,Bitzy,"Nail Color, Dilly Dally",03,https://static.ewg.org/skindeep_images/9271/927170.jpg
Nails,Nail Polish,https://www.ewg.org/skindeep/products/920471-Lauren_B_Beauty_Nail_Couture_Hollywoodland/,Lauren B. Beauty,"Nail Couture, Hollywoodland",03,https://static.ewg.org/skindeep_images/9204/920471.jpg
Nails,Nail Polish,https://www.ewg.org/skindeep/products/927162-Bitzy_Nail_Color_That_Artista/,Bitzy,"Nail Color, That Artista",03,https://static.ewg.org/skindeep_images/9271/927162.jpg
Nails,Nail Polish,https://www.ewg.org/skindeep/products/920481-Lauren_B_Beauty_Nail_Couture_Polo_Lounge_Punch/,Lauren B. Beauty,"Nail Couture, Polo Lounge Punch",03,https://static.ewg.org/skindeep_images/9204/920481.jpg
Nails,Nail Polish,https://www.ewg.org/skindeep/products/920482-Lauren_B_Beauty_Nail_Couture_ImSoLA/,Lauren B. Beauty,"Nail Couture, #ImSoLA",03,https://static.ewg.org/skindeep_images/9204/920482.jpg
Nails,Nail Polish,https://www.ewg.org/skindeep/products/861150-Wet_N_Wild_Megalast_Nail_Color_Love_Fest/,Wet N Wild,"Megalast Nail Color, Love Fest",03,https://static.ewg.org/skindeep_images/8611/861150.jpg
Nails,Nail Polish,https://www.ewg.org/skindeep/products/920461-Lauren_B_Beauty_Nail_Couture_Rose_Bowl_/,Lauren B. Beauty,"Nail Couture, Rose Bowl",03,https://static.ewg.org/skindeep_images/9204/920461.jpg
Nails,Nail Polish,https://www.ewg.org/skindeep/products/883634-La_Colors_Color_Craze_Extreme_Shine_Nail_Polish_Gel_Rosy_Future/,L.A. Colors,"Color Craze Extreme Shine Nail Polish Gel, Rosy Future",03,https://static.ewg.org/skindeep_images/8836/883634.jpg
Nails,Nail Polish,https://www.ewg.org/skindeep/products/927165-Bitzy_Nail_Color_Funky_Melon/,Bitzy,"Nail Color, Funky Melon",03,https://static.ewg.org/skindeep_images/9271/927165.jpg
Nails,Nail Polish,https://www.ewg.org/skindeep/products/885189-Broadway_Nails_Lightning_Speed_Nail_Polish_Gs006_Fly_Further/,Broadway Nails,"Lightning Speed Nail Polish, Gs006 Fly Further",03,https://static.ewg.org/skindeep_images/8851/885189.jpg
Nails,Nail Polish,https://www.ewg.org/skindeep/products/927187-Bitzy_Nail_Color_Retro/,Bitzy,"Nail Color, Retro",03,https://static.ewg.org/skindeep_images/9271/927187.jpg
Nails,Nail Polish,https://www.ewg.org/skindeep/products/918521-La_Colors_Extreme_Shine_Gel_Like_Polish_Jazzy_Cnl228/,L.A. Colors,"Extreme Shine Gel Like Polish, Jazzy Cnl228",03,https://static.ewg.org/skindeep_images/9185/918521.jpg
Nails,Nail Polish,https://www.ewg.org/skindeep/products/920480-Lauren_B_Beauty_Nail_Couture_The_Chateau/,Lauren B. Beauty,"Nail Couture, The Chateau",03,https://static.ewg.org/skindeep_images/9204/920480.jpg
Nails,Nail Polish,https://www.ewg.org/skindeep/products/920449-Lauren_B_Beauty_Nail_Couture_Meet_Me_on_Melrose/,Lauren B. Beauty,"Nail Couture, Meet Me on Melrose",03,https://static.ewg.org/skindeep_images/9204/920449.jpg
Nails,Nail Polish,https://www.ewg.org/skindeep/products/759967-SOPHi_Nail_Polish_Skinny_Dip__Chips/,SOPHi,"Nail Polish, Skinny Dip + Chips",03,https://static.ewg.org/skindeep_images/7599/759967.jpg
Nails,Nail Polish,https://www.ewg.org/skindeep/products/873694-Sensationail_Color_Gel_Polish_72069_Lovely_Lychee/,,"Sensationail Color Gel Polish, 72069 Lovely Lychee",03,https://static.ewg.org/skindeep_images/8736/873694.jpg
Nails,Nail Polish,https://www.ewg.org/skindeep/products/920444-Lauren_B_Beauty_Nail_Couture_Laurel_Canyon_Lover/,Lauren B. Beauty,"Nail Couture, Laurel Canyon Lover",03,https://static.ewg.org/skindeep_images/9204/920444.jpg
Nails,Nail Polish,https://www.ewg.org/skindeep/products/920492-Lauren_B_Beauty_Nail_Couture_Malibu_Beach_/,Lauren B. Beauty,"Nail Couture, Malibu Beach",03,https://static.ewg.org/skindeep_images/9204/920492.jpg
Nails,Nail Polish,https://www.ewg.org/skindeep/products/920470-Lauren_B_Beauty_Nail_Couture_Sky_Bar_/,Lauren B. Beauty,"Nail Couture, Sky Bar",03,https://static.ewg.org/skindeep_images/9204/920470.jpg
Nails,Nail Polish,https://www.ewg.org/skindeep/products/927182-Bitzy_Nail_Color_April_Showers/,Bitzy,"Nail Color, April Showers",03,https://static.ewg.org/skindeep_images/9271/927182.jpg
Nails,Nail Polish,https://www.ewg.org/skindeep/products/927175-Bitzy_Nail_Color_Garden_Gnome/,Bitzy,"Nail Color, Garden Gnome",03,https://static.ewg.org/skindeep_images/9271/927175.jpg
Nails,Nail Polish,https://www.ewg.org/skindeep/products/896132-Wet_N_Wild_PACMAN_Perfect_Game_Nail_Kit_Red/,Wet N Wild,"PAC-MAN Perfect Game Nail Kit, Red",03,https://static.ewg.org/skindeep_images/8961/896132.jpg
Nails,Nail Polish,https://www.ewg.org/skindeep/products/927217-Bitzy_Top_Coat/,Bitzy,Top Coat,03,https://static.ewg.org/skindeep_images/9272/927217.jpg
Nails,Nail Polish,https://www.ewg.org/skindeep/products/877109-LA_Colors_Sparkly_Nail_Polish_Cnl86_Sparkling_Gem/,L.A. Colors,"Sparkly Nail Polish, Cnl86 Sparkling Gem",03,https://static.ewg.org/skindeep/img/ewg_missing_product.png
Nails,Nail Polish,https://www.ewg.org/skindeep/products/879987-Essie_Here_to_Stay_Base_Coat_Nail_Polish/,Essie,Here to Stay Base Coat Nail Polish,03,https://static.ewg.org/skindeep_images/8799/879987.jpg
Nails,Nail Polish,https://www.ewg.org/skindeep/products/920457-Lauren_B_Beauty_Nail_Couture_Santa_Monica_Shutters/,Lauren B. Beauty,"Nail Couture, Santa Monica Shutters",03,https://static.ewg.org/skindeep_images/9204/920457.jpg
Nails,Nail Polish,https://www.ewg.org/skindeep/products/927160-Bitzy_Nail_Color_Jump_For_Joy/,Bitzy,"Nail Color, Jump For Joy",03,https://static.ewg.org/skindeep_images/9271/927160.jpg
Nails,Nail Polish,https://www.ewg.org/skindeep/products/927184-Bitzy_Nail_Color_Sweetie_Pie/,Bitzy,"Nail Color, Sweetie Pie",03,https://static.ewg.org/skindeep_images/9271/927184.jpg
Nails,Nail Polish,https://www.ewg.org/skindeep/products/920430-Lauren_B_Beauty_Nail_Couture_Pale_Sand_Paradise_/,Lauren B. Beauty,"Nail Couture, Pale Sand Paradise",03,https://static.ewg.org/skindeep_images/9204/920430.jpg
Nails,Nail Polish,https://www.ewg.org/skindeep/products/759957-Piggy_Paint_Nail_Polish_Eat_Your_Peace/,Piggy Paint,"Nail Polish, Eat Your Peace",03,https://static.ewg.org/skindeep_images/7599/759957.jpg
Nails,Nail Polish,https://www.ewg.org/skindeep/products/927190-Bitzy_Nail_Color_Tip_Toeing/,Bitzy,"Nail Color, Tip Toeing",03,https://static.ewg.org/skindeep_images/9271/927190.jpg
Nails,Nail Polish,https://www.ewg.org/skindeep/products/885188-Broadway_Nails_Lightning_Speed_Nail_Polish_Gs003_Tint_Effect/,Broadway Nails,"Lightning Speed Nail Polish, Gs003 Tint Effect",03,https://static.ewg.org/skindeep_images/8851/885188.jpg
Nails,Nail Polish,https://www.ewg.org/skindeep/products/875010-La_Colors_Color_Craze_Nail_Polish_With_Hardeners_Tropical_Paradise_/,L.A. Colors,"Color Craze Nail Polish With Hardeners, Tropical Paradise",03,https://static.ewg.org/skindeep_images/8750/875010.jpg
Nails,Nail Polish,https://www.ewg.org/skindeep/products/920491-Lauren_B_Beauty_Nail_Couture_City_of_Angels/,Lauren B. Beauty,"Nail Couture, City of Angels",03,https://static.ewg.org/skindeep_images/9204/920491.jpg
Nails,Nail Polish,https://www.ewg.org/skindeep/products/920447-Lauren_B_Beauty_Nail_Couture_Brentwood_Bliss/,Lauren B. Beauty,"Nail Couture, Brentwood Bliss",03,https://static.ewg.org/skindeep_images/9204/920447.jpg
Nails,Nail Polish,https://www.ewg.org/skindeep/products/918524-La_Colors_Color_Craze_Extreme_Shine_Gel_Like_Polish_CNL227_Girl_Talk/,L.A. Colors,"Color Craze Extreme Shine Gel Like Polish, CNL227 Girl Talk",03,https://static.ewg.org/skindeep/img/ewg_missing_product.png
Nails,Nail Polish,https://www.ewg.org/skindeep/products/920474-Lauren_B_Beauty_Nail_Couture_House_of_Blues/,Lauren B. Beauty,"Nail Couture, House of Blues",03,https://static.ewg.org/skindeep_images/9204/920474.jpg
Nails,Nail Polish,https://www.ewg.org/skindeep/products/873815-Sensationail_Color_Gel_Polish_Manicure_Stick_Gold_Rush_72066/,,"Sensationail Color Gel Polish Manicure Stick, Gold Rush 72066",04,https://static.ewg.org/skindeep_images/8738/873815.jpg
Nails,Nail Polish,https://www.ewg.org/skindeep/products/877462-La_Girl_Extreme_Shine_Gel_Gnl707_Psyched/,,"L.a. Girl Extreme Shine Gel, Gnl707 Psyched",04,https://static.ewg.org/skindeep_images/8774/877462.jpg
Nails,Nail Polish,https://www.ewg.org/skindeep/products/920478-Lauren_B_Beauty_Nail_Couture_Runyon_Canyon/,Lauren B. Beauty,"Nail Couture, Runyon Canyon",04,https://static.ewg.org/skindeep_images/9204/920478.jpg
Nails,Nail Polish,https://www.ewg.org/skindeep/products/872963-Sensationail_Gel_Color_Polish_72062_Perfect_Periwinkle/,,"Sensationail Gel Color Polish, 72062 Perfect Periwinkle",04,https://static.ewg.org/skindeep_images/8729/872963.jpg
Nails,Nail Polish,https://www.ewg.org/skindeep/products/920463-Lauren_B_Beauty_Nail_Couture_Coral_Canyon/,Lauren B. Beauty,"Nail Couture, Coral Canyon",04,https://static.ewg.org/skindeep_images/9204/920463.jpg
Nails,Nail Polish,https://www.ewg.org/skindeep/products/920467-Lauren_B_Beauty_Nail_Couture_33_Carats/,Lauren B. Beauty,"Nail Couture, 33 Carats",04,https://static.ewg.org/skindeep_images/9204/920467.jpg
Nails,Nail Polish,https://www.ewg.org/skindeep/products/920465-Lauren_B_Beauty_Nail_Couture_Catalina_Cruise/,Lauren B. Beauty,"Nail Couture, Catalina Cruise",04,https://static.ewg.org/skindeep_images/9204/920465.jpg
Nails,Nail Polish,https://www.ewg.org/skindeep/products/927167-Bitzy_Nail_Color_Heart_Afire/,Bitzy,"Nail Color, Heart Afire",04,https://static.ewg.org/skindeep_images/9271/927167.jpg
Nails,Nail Polish,https://www.ewg.org/skindeep/products/920456-Lauren_B_Beauty_Nail_Couture_Silverlake_Speakeasy/,Lauren B. Beauty,"Nail Couture, Silverlake Speakeasy",04,https://static.ewg.org/skindeep_images/9204/920456.jpg
Nails,Nail Polish,https://www.ewg.org/skindeep/products/927159-Bitzy_Nail_Color_Foxy/,Bitzy,"Nail Color, Foxy",04,https://static.ewg.org/skindeep_images/9271/927159.jpg
Nails,Nail Polish,https://www.ewg.org/skindeep/products/933598-Wet_N_Wild_Nail_Color_Stay_Hydrated_1230223/,Wet N Wild,"Nail Color, Stay Hydrated 1230223",04,https://static.ewg.org/skindeep_images/9335/933598.jpg
Nails,Nail Polish,https://www.ewg.org/skindeep/products/877060-La_Colors_Mermaid_Magic_Nail_Polish_CNL75_Coral_Reef/,L.A. Colors,"Mermaid Magic Nail Polish, CNL75 Coral Reef",04,https://static.ewg.org/skindeep/img/ewg_missing_product.png
Nails,Nail Polish,https://www.ewg.org/skindeep/products/885207-Pop_Arazzi_Nail_Polish_Lilac_Lunchdate/,POP,"Arazzi Nail Polish, Lilac Lunchdate",04,https://static.ewg.org/skindeep/img/ewg_missing_product.png
Nails,Nail Polish,https://www.ewg.org/skindeep/products/927173-Bitzy_Nail_Color_Prance__Dance/,Bitzy,"Nail Color, Prance & Dance",04,https://static.ewg.org/skindeep_images/9271/927173.jpg
Nails,Nail Polish,https://www.ewg.org/skindeep/products/927174-Bitzy_Nail_Color_Sweet_Dreams/,Bitzy,"Nail Color, Sweet Dreams",04,https://static.ewg.org/skindeep_images/9271/927174.jpg
Nails,Nail Polish,https://www.ewg.org/skindeep/products/920452-Lauren_B_Beauty_Nail_Couture_Ocean_Ave_/,Lauren B. Beauty,"Nail Couture, Ocean Ave",04,https://static.ewg.org/skindeep_images/9204/920452.jpg
Nails,Nail Polish,https://www.ewg.org/skindeep/products/920466-Lauren_B_Beauty_Nail_Couture_One_Night_in_WeHo/,Lauren B. Beauty,"Nail Couture, One Night in WeHo",04,https://static.ewg.org/skindeep_images/9204/920466.jpg
Nails,Nail Polish,https://www.ewg.org/skindeep/products/927180-Bitzy_Nail_Color_Wet_Glaze/,Bitzy,"Nail Color, Wet Glaze",04,https://static.ewg.org/skindeep_images/9271/927180.jpg
Nails,Nail Polish,https://www.ewg.org/skindeep/products/927157-Bitzy_Nail_Color_Perky/,Bitzy,"Nail Color, Perky",04,https://static.ewg.org/skindeep_images/9271/927157.jpg
Nails,Nail Polish,https://www.ewg.org/skindeep/products/896133-Wet_N_Wild_PACMAN_Perfect_Game_Nail_Kit_Orange_/,Wet N Wild,"PAC-MAN Perfect Game Nail Kit, Orange",04,https://static.ewg.org/skindeep_images/8961/896133.jpg
Nails,Nail Polish,https://www.ewg.org/skindeep/products/920455-Lauren_B_Beauty_Nail_Couture_Ivy_at_the_Shore/,Lauren B. Beauty,"Nail Couture, Ivy at the Shore",04,https://static.ewg.org/skindeep_images/9204/920455.jpg
Nails,Nail Polish,https://www.ewg.org/skindeep/products/875009-La_Colors_Metal_Nail_Polish_Cnl62_Bubbly/,L.A. Colors,"Metal Nail Polish, Cnl62 Bubbly",04,https://static.ewg.org/skindeep_images/8750/875009.jpg
Nails,Nail Polish,https://www.ewg.org/skindeep/products/920477-Lauren_B_Beauty_Nail_Couture_Coachella_Valley_Sun/,Lauren B. Beauty,"Nail Couture, Coachella Valley Sun",04,https://static.ewg.org/skindeep_images/9204/920477.jpg
Nails,Nail Polish,https://www.ewg.org/skindeep/products/927183-Bitzy_Nail_Color_Ring_Master/,Bitzy,"Nail Color, Ring Master",04,https://static.ewg.org/skindeep_images/9271/927183.jpg
Nails,Nail Polish,https://www.ewg.org/skindeep/products/920493-Lauren_B_Beauty_Nail_Couture_Aire_of_Bel_Air/,Lauren B. Beauty,"Nail Couture, Aire of Bel- Air",04,https://static.ewg.org/skindeep_images/9204/920493.jpg
Nails,Nail Polish,https://www.ewg.org/skindeep/products/875007-La_Colors_Metal_Nail_Polish/,L.A. Colors,Metal Nail Polish,04,https://static.ewg.org/skindeep_images/8750/875007.jpg
Nails,Nail Polish,https://www.ewg.org/skindeep/products/920439-Lauren_B_Beauty_Nail_Couture_Champagne_Toast/,Lauren B. Beauty,"Nail Couture, Champagne Toast",04,https://static.ewg.org/skindeep_images/9204/920439.jpg
Nails,Nail Polish,https://www.ewg.org/skindeep/products/920433-Lauren_B_Beauty_Nail_Couture_Beach_Bride_/,Lauren B. Beauty,"Nail Couture, Beach Bride",04,https://static.ewg.org/skindeep_images/9204/920433.jpg
Nails,Nail Polish,https://www.ewg.org/skindeep/products/920464-Lauren_B_Beauty_Nail_Couture_Clueless_in_90210/,Lauren B. Beauty,"Nail Couture, Clueless in 90210",04,https://static.ewg.org/skindeep_images/9204/920464.jpg
Nails,Nail Polish,https://www.ewg.org/skindeep/products/896135-Wet_N_Wild_PACMAN_Perfect_Game_Nail_Kit_Blue/,Wet N Wild,"PAC-MAN Perfect Game Nail Kit, Blue",04,https://static.ewg.org/skindeep_images/8961/896135.jpg
Nails,Nail Polish,https://www.ewg.org/skindeep/products/927191-Bitzy_Nail_Color_Fashion_House/,Bitzy,"Nail Color, Fashion House",04,https://static.ewg.org/skindeep_images/9271/927191.jpg
Nails,Nail Polish,https://www.ewg.org/skindeep/products/920458-Lauren_B_Beauty_Nail_Couture_Griffith_Gaze/,Lauren B. Beauty,"Nail Couture, Griffith Gaze",04,https://static.ewg.org/skindeep_images/9204/920458.jpg
Nails,Nail Polish,https://www.ewg.org/skindeep/products/927178-Bitzy_Nail_Color_Singsong/,Bitzy,"Nail Color, Singsong",04,https://static.ewg.org/skindeep_images/9271/927178.jpg
Nails,Nail Polish,https://www.ewg.org/skindeep/products/927153-Bitzy_Nail_Color_Main_Stage/,Bitzy,"Nail Color, Main Stage",04,https://static.ewg.org/skindeep_images/9271/927153.jpg
Nails,Nail Polish,https://www.ewg.org/skindeep/products/927177-Bitzy_Nail_Color_Embellished/,Bitzy,"Nail Color, Embellished",04,https://static.ewg.org/skindeep_images/9271/927177.jpg
Nails,Nail Polish,https://www.ewg.org/skindeep/products/927156-Bitzy_Nail_Color_Ecstatic/,Bitzy,"Nail Color, Ecstatic",04,https://static.ewg.org/skindeep_images/9271/927156.jpg
Nails,Nail Polish,https://www.ewg.org/skindeep/products/920443-Lauren_B_Beauty_Nail_Couture_PCH/,Lauren B. Beauty,"Nail Couture, PCH",04,https://static.ewg.org/skindeep_images/9204/920443.jpg
Nails,Nail Polish,https://www.ewg.org/skindeep/products/927161-Bitzy_Nail_Color_Spring_Fling/,Bitzy,"Nail Color, Spring Fling",04,https://static.ewg.org/skindeep_images/9271/927161.jpg
Nails,Nail Polish,https://www.ewg.org/skindeep/products/920445-Lauren_B_Beauty_Nail_Couture_South_of_the_Blvd_/,Lauren B. Beauty,"Nail Couture, South of the Blvd.",04,https://static.ewg.org/skindeep_images/9204/920445.jpg
Nails,Nail Polish,https://www.ewg.org/skindeep/products/920468-Lauren_B_Beauty_Nail_Couture_Sunset_Tower/,Lauren B. Beauty,"Nail Couture, Sunset Tower",04,https://static.ewg.org/skindeep_images/9204/920468.jpg
Nails,Nail Polish,https://www.ewg.org/skindeep/products/920432-Lauren_B_Beauty_Nail_Couture_Baja_Sunrise/,Lauren B. Beauty,"Nail Couture, Baja Sunrise",04,https://static.ewg.org/skindeep_images/9204/920432.jpg
Nails,Nail Polish,https://www.ewg.org/skindeep/products/927154-Bitzy_Nail_Color_Bday_Cake/,Bitzy,"Nail Color, Bday Cake",04,https://static.ewg.org/skindeep_images/9271/927154.jpg
Nails,Nail Polish,https://www.ewg.org/skindeep/products/920423-Lauren_B_Beauty_Nail_Couture_Sun_Activated_Gel_Top_Coat/,Lauren B. Beauty,Nail Couture Sun Activated Gel Top Coat,04,https://static.ewg.org/skindeep_images/9204/920423.jpg
Nails,Nail Polish,https://www.ewg.org/skindeep/products/880941-La_Colors_Nail_Polish_Cnl165_Paranoia/,L.A. Colors,"Nail Polish, Cnl165 Paranoia",04,https://static.ewg.org/skindeep_images/8809/880941.jpg
Nails,Nail Polish,https://www.ewg.org/skindeep/products/920434-Lauren_B_Beauty_Nail_Couture_LOVE_/,Lauren B. Beauty,"Nail Couture, LOVE.",04,https://static.ewg.org/skindeep_images/9204/920434.jpg
Nails,Nail Polish,https://www.ewg.org/skindeep/products/920450-Lauren_B_Beauty_Nail_Couture_Santa_Barbara_Surf/,Lauren B. Beauty,"Nail Couture, Santa Barbara Surf",04,https://static.ewg.org/skindeep_images/9204/920450.jpg
Nails,Nail Polish,https://www.ewg.org/skindeep/products/920475-Lauren_B_Beauty_Nail_Couture_Calabasas_Cash/,Lauren B. Beauty,"Nail Couture, Calabasas Cash",04,https://static.ewg.org/skindeep_images/9204/920475.jpg
Nails,Nail Polish,https://www.ewg.org/skindeep/products/920437-Lauren_B_Beauty_Nail_Couture_Vows_over_the_Pacific/,Lauren B. Beauty,"Nail Couture, Vows over the Pacific",04,https://static.ewg.org/skindeep_images/9204/920437.jpg
Nails,Nail Polish,https://www.ewg.org/skindeep/products/920426-Lauren_B_Beauty_Nail_Couture_Nail_Perfecter_Base_Coat/,Lauren B. Beauty,Nail Couture Nail Perfecter Base Coat,04,https://static.ewg.org/skindeep_images/9204/920426.jpg
Nails,Nail Polish,https://www.ewg.org/skindeep/products/880938-La_Girl_Liquid_Chrome_Nail_Polish_Electric_Blue/,,"L.a. Girl Liquid Chrome Nail Polish, Electric Blue",04,https://static.ewg.org/skindeep_images/8809/880938.jpg
Nails,Nail Polish,https://www.ewg.org/skindeep/products/939156-Elf_Goody_Gumdrops_Nail_Set/,e.l.f.,Goody Gumdrops Nail Set,04,https://static.ewg.org/skindeep/img/ewg_missing_product.png
Nails,Nail Polish,https://www.ewg.org/skindeep/products/920462-Lauren_B_Beauty_Nail_Couture_Zuma_Beach_Bum/,Lauren B. Beauty,"Nail Couture, Zuma Beach Bum",04,https://static.ewg.org/skindeep_images/9204/920462.jpg
Nails,Nail Polish,https://www.ewg.org/skindeep/products/920485-Lauren_B_Beauty_Nail_Couture_The_OC/,Lauren B. Beauty,"Nail Couture, The OC",04,https://static.ewg.org/skindeep_images/9204/920485.jpg
Nails,Nail Polish,https://www.ewg.org/skindeep/products/927188-Bitzy_Nail_Color_Sugar_Glaze/,Bitzy,"Nail Color, Sugar Glaze",04,https://static.ewg.org/skindeep_images/9271/927188.jpg
Nails,Nail Polish,https://www.ewg.org/skindeep/products/920438-Lauren_B_Beauty_Nail_Couture_Parade_of_Peonies/,Lauren B. Beauty,"Nail Couture, Parade of Peonies",04,https://static.ewg.org/skindeep_images/9204/920438.jpg
Nails,Nail Polish,https://www.ewg.org/skindeep/products/920469-Lauren_B_Beauty_Nail_Couture_My_Private_Cabana/,Lauren B. Beauty,"Nail Couture, My Private Cabana",04,https://static.ewg.org/skindeep_images/9204/920469.jpg
Nails,Nail Polish,https://www.ewg.org/skindeep/products/920674-tenoverten_The_Foundation_Base_Coat/,tenoverten,The Foundation Base Coat,04,https://static.ewg.org/skindeep_images/9206/920674.jpg
Nails,Nail Polish,https://www.ewg.org/skindeep/products/933320-Wet_N_Wild_Nail_Color_Shakedown_1230220/,Wet N Wild,"Nail Color Shakedown, 1230220",04,https://static.ewg.org/skindeep_images/9333/933320.jpg
Nails,Nail Polish,https://www.ewg.org/skindeep/products/920442-Lauren_B_Beauty_Nail_Couture_Mandeville_Maven/,Lauren B. Beauty,"Nail Couture, Mandeville Maven",04,https://static.ewg.org/skindeep_images/9204/920442.jpg
Nails,Nail Polish,https://www.ewg.org/skindeep/products/874944-La_Girl_Gel_Extreme_Shine_Gel_Like_Shine_Polish_Gnl701_Lingerie/,,"L.a. Girl Gel Extreme Shine Gel Like Shine Polish, Gnl701 Lingerie",04,https://static.ewg.org/skindeep_images/8749/874944.jpg
Nails,Nail Polish,https://www.ewg.org/skindeep/products/927169-Bitzy_Nail_Color_Wild_Heart/,Bitzy,"Nail Color, Wild Heart",04,https://static.ewg.org/skindeep_images/9271/927169.jpg
Nails,Nail Polish,https://www.ewg.org/skindeep/products/920489-Lauren_B_Beauty_Nail_Couture_Hollywood_Blvd/,Lauren B. Beauty,"Nail Couture, Hollywood Blvd.",04,https://static.ewg.org/skindeep_images/9204/920489.jpg
Nails,Nail Polish,https://www.ewg.org/skindeep/products/933323-Wet_N_Wild_Nail_Color_Mic_Check_1230222/,Wet N Wild,"Nail Color, Mic Check 1230222",04,https://static.ewg.org/skindeep_images/9333/933323.jpg
Nails,Nail Polish,https://www.ewg.org/skindeep/products/927168-Bitzy_Nail_Color_Southern_Belle/,Bitzy,"Nail Color, Southern Belle",04,https://static.ewg.org/skindeep_images/9271/927168.jpg
Nails,Nail Polish,https://www.ewg.org/skindeep/products/920431-Lauren_B_Beauty_Nail_Couture_Sun_Kissed_in_St_Tropez/,Lauren B. Beauty,"Nail Couture, Sun Kissed in St. Tropez",04,https://static.ewg.org/skindeep_images/9204/920431.jpg
Nails,Nail Polish,https://www.ewg.org/skindeep/products/881520-La_Girl_Liquid_Chrome_Nail_Polish_Radiant_Rose_Gnl906/,,"L.a. Girl Liquid Chrome Nail Polish, Radiant Rose Gnl906",04,https://static.ewg.org/skindeep_images/8815/881520.jpg
Nails,Nail Polish,https://www.ewg.org/skindeep/products/927186-Bitzy_Nail_Color_Bitzy_Blue_/,Bitzy,"Nail Color, Blue",04,https://static.ewg.org/skindeep_images/9271/927186.jpg
Nails,Nail Polish,https://www.ewg.org/skindeep/products/920488-Lauren_B_Beauty_Nail_Couture_Sunset_Blvd/,Lauren B. Beauty,"Nail Couture, Sunset Blvd.",04,https://static.ewg.org/skindeep_images/9204/920488.jpg
Nails,Nail Polish,https://www.ewg.org/skindeep/products/927179-Bitzy_Nail_Color_Hola/,Bitzy,"Nail Color, Hola",04,https://static.ewg.org/skindeep_images/9271/927179.jpg
Nails,Nail Polish,https://www.ewg.org/skindeep/products/920448-Lauren_B_Beauty_Nail_Couture_Walk_of_Fame/,Lauren B. Beauty,"Nail Couture, Walk of Fame",05,https://static.ewg.org/skindeep_images/9204/920448.jpg
Nails,Nail Polish,https://www.ewg.org/skindeep/products/920459-Lauren_B_Beauty_Nail_Couture_Rose_on_Robertson/,Lauren B. Beauty,"Nail Couture, Rose on Robertson",05,https://static.ewg.org/skindeep_images/9204/920459.jpg
Nails,Nail Polish,https://www.ewg.org/skindeep/products/920460-Lauren_B_Beauty_Nail_Couture_Espresso_on_3rd/,Lauren B. Beauty,"Nail Couture, Espresso on 3rd",05,https://static.ewg.org/skindeep_images/9204/920460.jpg
Nails,Nail Polish,https://www.ewg.org/skindeep/products/920476-Lauren_B_Beauty_Nail_Couture_ImJuicing/,Lauren B. Beauty,"Nail Couture, #ImJuicing",05,https://static.ewg.org/skindeep_images/9204/920476.jpg
Nails,Nail Polish,https://www.ewg.org/skindeep/products/935513-Wet_N_Wild_Nail_Color_Sparks_Fly_1230216/,Wet N Wild,"Nail Color, Sparks Fly 1230216",05,https://static.ewg.org/skindeep_images/9355/935513.jpg
Nails,Nail Polish,https://www.ewg.org/skindeep/products/920440-Lauren_B_Beauty_Nail_Couture_Ceremony_at_Sunset/,Lauren B. Beauty,"Nail Couture, Ceremony at Sunset",05,https://static.ewg.org/skindeep_images/9204/920440.jpg
Nails,Nail Polish,https://www.ewg.org/skindeep/products/920487-Lauren_B_Beauty_Nail_Couture_Wheres_my_Oscar/,Lauren B. Beauty,"Nail Couture, Where's my Oscar?",05,https://static.ewg.org/skindeep_images/9204/920487.jpg
Nails,Nail Polish,https://www.ewg.org/skindeep/products/920451-Lauren_B_Beauty_Nail_Couture_Mid_City_at_Midnight/,Lauren B. Beauty,"Nail Couture, Mid City at Midnight",05,https://static.ewg.org/skindeep_images/9204/920451.jpg
Nails,Nail Polish,https://www.ewg.org/skindeep/products/927155-Bitzy_Nail_Color_Jolt_/,Bitzy,"Nail Color, Jolt",05,https://static.ewg.org/skindeep_images/9271/927155.jpg
Nails,Nail Polish,https://www.ewg.org/skindeep/products/896134-Wet_N_Wild_PACMAN_Perfect_Game_Nail_Kit_Yellow/,Wet N Wild,"PAC-MAN Perfect Game Nail Kit, Yellow",05,https://static.ewg.org/skindeep_images/8961/896134.jpg
Nails,Nail Polish,https://www.ewg.org/skindeep/products/851273-Fright_Night_Claw_Polish_Creepin_It_Real/,Fright Night,"Claw Polish, Creepin' It Real!",05,https://static.ewg.org/skindeep/img/ewg_missing_product.png
Nails,Nail Polish,https://www.ewg.org/skindeep/products/920436-Lauren_B_Beauty_Nail_Couture_Buttercream_Tiers/,Lauren B. Beauty,"Nail Couture, Buttercream Tiers",05,https://static.ewg.org/skindeep_images/9204/920436.jpg
Nails,Nail Polish,https://www.ewg.org/skindeep/products/877202-LA_Colors_Nail_Polishes_Set_C42370_Mani_Metals/,L.A. Colors,"Nail Polishes Set, C42370 Mani Metals",05,https://static.ewg.org/skindeep/img/ewg_missing_product.png
Nails,Nail Polish,https://www.ewg.org/skindeep/products/923375-Elf_20_Piece_Nail_Set_B70120_1/,e.l.f.,"20 Piece Nail Set, B70120 1",05,https://static.ewg.org/skindeep/img/ewg_missing_product.png
Nails,Nail Polish,https://www.ewg.org/skindeep/products/935302-Wet_N_Wild_Nail_Color_Confetti_Party_1230221/,Wet N Wild,"Nail Color, Confetti Party 1230221",05,https://static.ewg.org/skindeep_images/9353/935302.jpg
Nails,Nail Polish,https://www.ewg.org/skindeep/products/920435-Lauren_B_Beauty_Nail_Couture_Dancing_Shoes/,Lauren B. Beauty,"Nail Couture, Dancing Shoes",05,https://static.ewg.org/skindeep_images/9204/920435.jpg
Nails,Nail Polish,https://www.ewg.org/skindeep/products/927181-Bitzy_Nail_Color_Just_Fab/,Bitzy,"Nail Color, Just Fab",05,https://static.ewg.org/skindeep_images/9271/927181.jpg
Nails,Nail Polish,https://www.ewg.org/skindeep/products/927192-Bitzy_Nail_Color_Ole/,Bitzy,"Nail Color, Ole!",05,https://static.ewg.org/skindeep_images/9271/927192.jpg
Nails,Nail Polish,https://www.ewg.org/skindeep/products/920472-Lauren_B_Beauty_Nail_Couture_Angeleno/,Lauren B. Beauty,"Nail Couture, Angeleno",05,https://static.ewg.org/skindeep_images/9204/920472.jpg
Nails,Nail Polish,https://www.ewg.org/skindeep/products/920483-Lauren_B_Beauty_Nail_Couture_Venice_Beach_Venus/,Lauren B. Beauty,"Nail Couture, Venice Beach Venus",05,https://static.ewg.org/skindeep_images/9204/920483.jpg
Nails,Nail Polish,https://www.ewg.org/skindeep/products/878132-Nickelodeon_Nail_Polish/,,Nickelodeon Nail Polish,05,https://static.ewg.org/skindeep/img/ewg_missing_product.png
Nails,Nail Polish,https://www.ewg.org/skindeep/products/920446-Lauren_B_Beauty_Nail_Couture_Vintage_on_Vine/,Lauren B. Beauty,"Nail Couture, Vintage on Vine",05,https://static.ewg.org/skindeep_images/9204/920446.jpg
Nails,Nail Polish,https://www.ewg.org/skindeep/products/920697-tenoverten_Nail_Color_Elizabeth/,tenoverten,"Nail Color, Elizabeth",06,https://static.ewg.org/skindeep_images/9206/920697.jpg
Nails,Nail Polish,https://www.ewg.org/skindeep/products/920696-tenoverten_Nail_Color_Fulton/,tenoverten,"Nail Color, Fulton",06,https://static.ewg.org/skindeep_images/9206/920696.jpg
Nails,Nail Polish,https://www.ewg.org/skindeep/products/920711-tenoverten_Nail_Color_Beekman/,tenoverten,"Nail Color, Beekman",06,https://static.ewg.org/skindeep_images/9207/920711.jpg
Nails,Nail Polish,https://www.ewg.org/skindeep/products/920698-tenoverten_Nail_Color_Downing/,tenoverten,"Nail Color, Downing",06,https://static.ewg.org/skindeep_images/9206/920698.jpg
Nails,Nail Polish,https://www.ewg.org/skindeep/products/880614-Ellamila_Dream_Nail_Polish_on_Thin_Ice/,,"Ella+mila Dream Nail Polish, on Thin Ice",06,https://static.ewg.org/skindeep_images/8806/880614.jpg
Nails,Nail Polish,https://www.ewg.org/skindeep/products/920699-tenoverten_Nail_Color_Delancey/,tenoverten,"Nail Color, Delancey",06,https://static.ewg.org/skindeep_images/9206/920699.jpg
Nails,Nail Polish,https://www.ewg.org/skindeep/products/920684-tenoverten_Nail_Color_Mulberry/,tenoverten,"Nail Color, Mulberry",06,https://static.ewg.org/skindeep_images/9206/920684.jpg
Nails,Nail Polish,https://www.ewg.org/skindeep/products/920690-tenoverten_Nail_Color_Lexington/,tenoverten,"Nail Color, Lexington",06,https://static.ewg.org/skindeep_images/9206/920690.jpg
Nails,Nail Polish,https://www.ewg.org/skindeep/products/880641-Ella__Mila_Nail_Polish_Sugar_Fairy_/,,"Ella + Mila Nail Polish, Sugar Fairy",06,https://static.ewg.org/skindeep/img/ewg_missing_product.png
Nails,Nail Polish,https://www.ewg.org/skindeep/products/920687-tenoverten_Nail_Color_Madison/,tenoverten,"Nail Color, Madison",06,https://static.ewg.org/skindeep_images/9206/920687.jpg
Nails,Nail Polish,https://www.ewg.org/skindeep/products/880571-Ellamila_Dream_Nail_Polish_After_Party/,,"Ella+mila Dream Nail Polish, After Party",06,https://static.ewg.org/skindeep_images/8805/880571.jpg
Nails,Nail Polish,https://www.ewg.org/skindeep/products/920704-tenoverten_Nail_Color_Chrystie/,tenoverten,"Nail Color, Chrystie",06,https://static.ewg.org/skindeep_images/9207/920704.jpg
Nails,Nail Polish,https://www.ewg.org/skindeep/products/920705-tenoverten_Nail_Color_Catherine/,tenoverten,"Nail Color, Catherine",06,https://static.ewg.org/skindeep_images/9207/920705.jpg
Nails,Nail Polish,https://www.ewg.org/skindeep/products/920679-tenoverten_Nail_Color_Spring/,tenoverten,"Nail Color, Spring",06,https://static.ewg.org/skindeep_images/9206/920679.jpg
Nails,Nail Polish,https://www.ewg.org/skindeep/products/885732-Pacifica_7_Free_Nail_Color_Polish_Abalone/,Pacifica,"7 Free Nail Color Polish, Abalone",06,https://static.ewg.org/skindeep_images/8857/885732.jpg
Nails,Nail Polish,https://www.ewg.org/skindeep/products/880476-Ellamila_Elite_Nail_Polish_Naughty_Not_Nice/,,"Ella+mila Elite Nail Polish, Naughty Not Nice",06,https://static.ewg.org/skindeep_images/8804/880476.jpg
Nails,Nail Polish,https://www.ewg.org/skindeep/products/920676-tenoverten_Nail_Color_White/,tenoverten,"Nail Color, White",06,https://static.ewg.org/skindeep_images/9206/920676.jpg
Nails,Nail Polish,https://www.ewg.org/skindeep/products/920700-tenoverten_Nail_Color_Cornelia/,tenoverten,"Nail Color, Cornelia",06,https://static.ewg.org/skindeep_images/9207/920700.jpg
Nails,Nail Polish,https://www.ewg.org/skindeep/products/880643-EllaMila_Love_Nail_Polish_Stuck_on_You/,,"Ella+Mila Love Nail Polish, Stuck on You",06,https://static.ewg.org/skindeep_images/8806/880643.jpg
Nails,Nail Polish,https://www.ewg.org/skindeep/products/920695-tenoverten_Nail_Color_Greenwich/,tenoverten,"Nail Color, Greenwich",06,https://static.ewg.org/skindeep_images/9206/920695.jpg
Nails,Nail Polish,https://www.ewg.org/skindeep/products/879754-Nucolor_Uv_Gel_Nail_Polish_Cosmopolitan_Pink/,,"Nucolor Uv Gel Nail Polish, Cosmopolitan Pink",06,https://static.ewg.org/skindeep/img/ewg_missing_product.png
Nails,Nail Polish,https://www.ewg.org/skindeep/products/920706-tenoverten_Nail_Color_Carmine/,tenoverten,"Nail Color, Carmine",06,https://static.ewg.org/skindeep_images/9207/920706.jpg
Nails,Nail Polish,https://www.ewg.org/skindeep/products/920678-tenoverten_Nail_Color_Washington/,tenoverten,"Nail Color, Washington",06,https://static.ewg.org/skindeep_images/9206/920678.jpg
Nails,Nail Polish,https://www.ewg.org/skindeep/products/920708-tenoverten_Nail_Color_Broome/,tenoverten,"Nail Color, Broome",06,https://static.ewg.org/skindeep_images/9207/920708.jpg
Nails,Nail Polish,https://www.ewg.org/skindeep/products/879881-EllaMila_Desire_Nail_Polish_Light_to_the_Touch/,,"Ella+Mila Desire Nail Polish, Light to the Touch",06,https://static.ewg.org/skindeep_images/8798/879881.jpg
Nails,Nail Polish,https://www.ewg.org/skindeep/products/880510-Ellamila_Love_Nail_Polish_Honeymoon_Bliss/,,"Ella+mila Love Nail Polish, Honeymoon Bliss",06,https://static.ewg.org/skindeep/img/ewg_missing_product.png
Nails,Nail Polish,https://www.ewg.org/skindeep/products/920681-tenoverten_Nail_Color_Orchard/,tenoverten,"Nail Color, Orchard",06,https://static.ewg.org/skindeep_images/9206/920681.jpg
Nails,Nail Polish,https://www.ewg.org/skindeep/products/920688-tenoverten_Nail_Color_Ludlow/,tenoverten,"Nail Color, Ludlow",06,https://static.ewg.org/skindeep_images/9206/920688.jpg
Nails,Nail Polish,https://www.ewg.org/skindeep/products/920702-tenoverten_Nail_Color_Cliff/,tenoverten,"Nail Color, Cliff",06,https://static.ewg.org/skindeep_images/9207/920702.jpg
Nails,Nail Polish,https://www.ewg.org/skindeep/products/880807-Ellamila_Bonbon_Nail_Polish_Dessert_Island/,,"Ella+mila Bonbon Nail Polish, Dessert Island",06,https://static.ewg.org/skindeep_images/8808/880807.jpg
Nails,Nail Polish,https://www.ewg.org/skindeep/products/920701-tenoverten_Nail_Color_Commerce/,tenoverten,"Nail Color, Commerce",06,https://static.ewg.org/skindeep_images/9207/920701.jpg
Nails,Nail Polish,https://www.ewg.org/skindeep/products/920707-tenoverten_Nail_Color_Canal/,tenoverten,"Nail Color, Canal",06,https://static.ewg.org/skindeep_images/9207/920707.jpg
Nails,Nail Polish,https://www.ewg.org/skindeep/products/920685-tenoverten_Nail_Color_Mott/,tenoverten,"Nail Color, Mott",06,https://static.ewg.org/skindeep_images/9206/920685.jpg
Nails,Nail Polish,https://www.ewg.org/skindeep/products/920692-tenoverten_Nail_Color_Jane/,tenoverten,"Nail Color, Jane",06,https://static.ewg.org/skindeep_images/9206/920692.jpg
Nails,Nail Polish,https://www.ewg.org/skindeep/products/920709-tenoverten_Nail_Color_Bowery/,tenoverten,"Nail Color, Bowery",06,https://static.ewg.org/skindeep_images/9207/920709.jpg
Nails,Nail Polish,https://www.ewg.org/skindeep/products/881556-Essie_Nail_Color_Galentine_1541/,Essie,"Nail Color, Galentine 1541",06,https://static.ewg.org/skindeep_images/8815/881556.jpg
Nails,Nail Polish,https://www.ewg.org/skindeep/products/789018-Eleve_Cosmetics_Nail_Pop/,,Eleve Cosmetics Nail Pop,06,https://static.ewg.org/skindeep_images/7890/789018.jpg
Nails,Nail Polish,https://www.ewg.org/skindeep/products/920677-tenoverten_Nail_Color_Watts/,tenoverten,"Nail Color, Watts",06,https://static.ewg.org/skindeep_images/9206/920677.jpg
Nails,Nail Polish,https://www.ewg.org/skindeep/products/881730-Ella__Mila_Love_Nail_Polish_Lilac_Luster/,,"Ella + Mila Love Nail Polish, Lilac Luster",06,https://static.ewg.org/skindeep_images/8817/881730.jpg
Nails,Nail Polish,https://www.ewg.org/skindeep/products/808154-RMS_Beauty_Nail_Polish_Luminizer_Solar_Magnetic_Smile_Sublime_Curious_Honest_Beloved_Myth_Diabolique_Spark_Killer_Red/,rms beauty,"Nail Polish, (Luminizer, Solar, Magnetic, Smile, Sublime, Curious, Honest,...",06,https://static.ewg.org/skindeep_images/8081/808154.jpg
Nails,Nail Polish,https://www.ewg.org/skindeep/products/920693-tenoverten_Nail_Color_Houston/,tenoverten,"Nail Color, Houston",06,https://static.ewg.org/skindeep_images/9206/920693.jpg
Nails,Nail Polish,https://www.ewg.org/skindeep/products/920712-tenoverten_Nail_Color_Baxter/,tenoverten,"Nail Color, Baxter",06,https://static.ewg.org/skindeep_images/9207/920712.jpg
Nails,Nail Polish,https://www.ewg.org/skindeep/products/920713-tenoverten_Nail_Color_Austin/,tenoverten,"Nail Color, Austin",06,https://static.ewg.org/skindeep_images/9207/920713.jpg
Nails,Nail Polish,https://www.ewg.org/skindeep/products/920710-tenoverten_Nail_Color_Bond/,tenoverten,"Nail Color, Bond",06,https://static.ewg.org/skindeep_images/9207/920710.jpg
Nails,Nail Polish,https://www.ewg.org/skindeep/products/920691-tenoverten_Nail_Color_La/,tenoverten,"Nail Color, La",06,https://static.ewg.org/skindeep_images/9206/920691.jpg
Nails,Nail Polish,https://www.ewg.org/skindeep/products/920686-tenoverten_Nail_Color_Market/,tenoverten,"Nail Color, Market",06,https://static.ewg.org/skindeep_images/9206/920686.jpg
Nails,Nail Polish,https://www.ewg.org/skindeep/products/933324-Wet_N_Wild_Nail_Color_Private_Jet_1230224/,Wet N Wild,"Nail Color, Private Jet 1230224",06,https://static.ewg.org/skindeep_images/9333/933324.jpg
Nails,Nail Polish,https://www.ewg.org/skindeep/products/920680-tenoverten_Nail_Color_Prince/,tenoverten,"Nail Color, Prince",06,https://static.ewg.org/skindeep_images/9206/920680.jpg
Nails,Nail Polish,https://www.ewg.org/skindeep/products/920682-tenoverten_Nail_Color_Oliver/,tenoverten,"Nail Color, Oliver",06,https://static.ewg.org/skindeep_images/9206/920682.jpg
Nails,Nail Polish,https://www.ewg.org/skindeep/products/920689-tenoverten_Nail_Color_Liberty/,tenoverten,"Nail Color, Liberty",06,https://static.ewg.org/skindeep_images/9206/920689.jpg
Nails,Nail Polish,https://www.ewg.org/skindeep/products/920694-tenoverten_Nail_Color_Hester/,tenoverten,"Nail Color, Hester",06,https://static.ewg.org/skindeep_images/9206/920694.jpg
Nails,Nail Polish,https://www.ewg.org/skindeep/products/877309-LA_Colors_Nail_Polish_Set_C42368_Mani_Nudes/,L.A. Colors,"Nail Polish Set, C42368 Mani Nudes",06,https://static.ewg.org/skindeep/img/ewg_missing_product.png
Nails,Nail Polish,https://www.ewg.org/skindeep/products/920703-tenoverten_Nail_Color_Church/,tenoverten,"Nail Color, Church",06,https://static.ewg.org/skindeep_images/9207/920703.jpg
Nails,Nail Polish,https://www.ewg.org/skindeep/products/920683-tenoverten_Nail_Color_Murray/,tenoverten,"Nail Color, Murray",06,https://static.ewg.org/skindeep_images/9206/920683.jpg
Nails,Nail Polish,https://www.ewg.org/skindeep/products/879753-Nucolor_Uv_Gel_Nail_Polish_Fizzy_Colada/,,"Nucolor Uv Gel Nail Polish, Fizzy Colada",06,https://static.ewg.org/skindeep_images/8797/879753.jpg
Nails,Nail Polish,https://www.ewg.org/skindeep/products/880568-Ellamila_Elite_Nail_Polish_Drippin_Gold/,,"Ella+mila Elite Nail Polish, Drippin' Gold",06,https://static.ewg.org/skindeep_images/8805/880568.jpg
Nails,Nail Polish,https://www.ewg.org/skindeep/products/875208-Color_Club_Nail_Lacquer_LS55_Turnt_Up/,Color Club,"Nail Lacquer, LS55 Turnt Up",07,https://static.ewg.org/skindeep_images/8752/875208.jpg
Nails,Nail Polish,https://www.ewg.org/skindeep/products/876019-Color_Club_Nail_Lacquer_8636_Fortunate/,Color Club,"Nail Lacquer, 8636 Fortunate",07,https://static.ewg.org/skindeep/img/ewg_missing_product.png
Nails,Nail Polish,https://www.ewg.org/skindeep/products/882406-Sally_Hansen_Salon_Gel_Polish_Gel_Nail_Color_175_Sequin_Stiletto/,Sally Hansen,"Salon Gel Polish Gel Nail Color, 175 Sequin Stiletto",07,https://static.ewg.org/skindeep/img/ewg_missing_product.png
Nails,Nail Polish,https://www.ewg.org/skindeep/products/875117-Color_Club_Mood_Changing_Nail_Lacquer_Lsm25_So_Chill/,Color Club,"Mood Changing Nail Lacquer, Lsm25 So Chill",07,https://static.ewg.org/skindeep_images/8751/875117.jpg
Nails,Polish Remover,https://www.ewg.org/skindeep/products/886167-Up__Up_Acetone_Nail_Polish_Remover/,Up & Up,Acetone Nail Polish Remover,01,https://static.ewg.org/skindeep_images/8861/886167.jpg
Nails,Polish Remover,https://www.ewg.org/skindeep/products/885364-Topcare_Beauty_100_Acetone_Nail_Polish_Remover/,Topcare,Beauty 100% Acetone Nail Polish Remover,01,https://static.ewg.org/skindeep_images/8853/885364.jpg
Nails,Polish Remover,https://www.ewg.org/skindeep/products/882880-Upup_100_Acetone_Nail_Polish_Remover/,Up & Up,Up&up 100% Acetone Nail Polish Remover,01,https://static.ewg.org/skindeep_images/8828/882880.jpg
Nails,Polish Remover,https://www.ewg.org/skindeep/products/885468-Studio_M_Pro_100_Acetone_Nail_Polish_Remover/,,Studio M Pro 100% Acetone Nail Polish Remover,01,https://static.ewg.org/skindeep/img/ewg_missing_product.png
Nails,Polish Remover,https://www.ewg.org/skindeep/products/882193-Cutex_Nail_Polish_Remover_Pads/,Cutex,Nail Polish Remover Pads,03,https://static.ewg.org/skindeep_images/8821/882193.jpg
Nails,Polish Remover,https://www.ewg.org/skindeep/products/927245-Bitzy_Scented_Nail_Polish_Remover_Petals_Strawberry/,Bitzy,"Scented Nail Polish Remover Petals, Strawberry",03,https://static.ewg.org/skindeep_images/9272/927245.jpg
Nails,Polish Remover,https://www.ewg.org/skindeep/products/916912-Beauty_360_Advanced_Nail_Polish_Remover_Pads/,Beauty 360,Advanced Nail Polish Remover Pads,03,https://static.ewg.org/skindeep_images/9169/916912.jpg
Nails,Polish Remover,https://www.ewg.org/skindeep/products/927247-Bitzy_Scented_Nail_Polish_Remover_Petals_Grape/,Bitzy,"Scented Nail Polish Remover Petals, Grape",03,https://static.ewg.org/skindeep_images/9272/927247.jpg
Nails,Polish Remover,https://www.ewg.org/skindeep/products/887081-Nucolor_Nail_Polish_Remover_Pads_Lavender_Scented/,,"Nucolor Nail Polish Remover Pads, Lavender Scented",03,https://static.ewg.org/skindeep/img/ewg_missing_product.png
Nails,Polish Remover,https://www.ewg.org/skindeep/products/927244-Bitzy_Scented_Nail_Polish_Remover_Petals_Watermelon/,Bitzy,"Scented Nail Polish Remover Petals, Watermelon",03,https://static.ewg.org/skindeep_images/9272/927244.jpg
Nails,Polish Remover,https://www.ewg.org/skindeep/products/876312-Quality_Choice_Awaken_Nail_Polish_Remover_NonAcetone_/,Quality Choice,"Awaken Nail Polish Remover, Non-Acetone",03,https://static.ewg.org/skindeep_images/8763/876312.jpg
Nails,Polish Remover,https://www.ewg.org/skindeep/products/878070-Cutex_Care_Ultra_Powerful_Nail_Polish_Remover/,Cutex,Care Ultra Powerful Nail Polish Remover,03,https://static.ewg.org/skindeep/img/ewg_missing_product.png
Nails,Polish Remover,https://www.ewg.org/skindeep/products/903083-Mineral_Fusion_Nail_Polish_Remover/,Mineral Fusion,Nail Polish Remover,03,https://static.ewg.org/skindeep_images/9030/903083.jpg
Nails,Polish Remover,https://www.ewg.org/skindeep/products/876412-Topcare_Nail_Polish_Remover_Regular/,Topcare,"Nail Polish Remover, Regular",04,https://static.ewg.org/skindeep_images/8764/876412.jpg
Nails,Polish Remover,https://www.ewg.org/skindeep/products/885365-Top_Care_Regular_Nail_Polish_Remover/,Topcare,Top Care Regular Nail Polish Remover,04,https://static.ewg.org/skindeep_images/8853/885365.jpg
Nails,Polish Remover,https://www.ewg.org/skindeep/products/915897-Modesa_Nail_Polish_Remover_With_Argan_Oil/,,Modesa Nail Polish Remover With Argan Oil,04,https://static.ewg.org/skindeep/img/ewg_missing_product.png
Nails,Polish Remover,https://www.ewg.org/skindeep/products/878258-Xtracare_Nail_Polish_Remover_Pads/,,Xtracare Nail Polish Remover Pads,04,https://static.ewg.org/skindeep_images/8782/878258.jpg
Nails,Polish Remover,https://www.ewg.org/skindeep/products/872786-Equate_Advanced_Nail_Polish_Remover/,Equate,Advanced Nail Polish Remover,04,https://static.ewg.org/skindeep_images/8727/872786.jpg
Nails,Polish Remover,https://www.ewg.org/skindeep/products/920672-tenoverten_Rose_Polish_Remover/,tenoverten,Rose Polish Remover,04,https://static.ewg.org/skindeep_images/9206/920672.jpg
Nails,Polish Remover,https://www.ewg.org/skindeep/products/876726-Beauty_360_Advanced_Nail_Polish_Remover_Juniper_Burst_/,Beauty 360,"Advanced Nail Polish Remover, Juniper Burst",04,https://static.ewg.org/skindeep_images/8767/876726.jpg
Nails,Polish Remover,https://www.ewg.org/skindeep/products/886163-Up__Up_Gel_Nail_Polish_Remover_Foils/,Up & Up,Gel Nail Polish Remover Foils,05,https://static.ewg.org/skindeep_images/8861/886163.jpg
Nails,Polish Remover,https://www.ewg.org/skindeep/products/885470-Studiom_Pro_Advanced_Nail_Polish_Remover/,,Studiom Pro Advanced Nail Polish Remover,05,https://static.ewg.org/skindeep_images/8854/885470.jpg
Nails,Polish Remover,https://www.ewg.org/skindeep/products/882947-CareOne_Strengthening_Nail_Polish_Remover/,Care One,CareOne Strengthening Nail Polish Remover,05,https://static.ewg.org/skindeep_images/8829/882947.jpg
Nails,Polish Remover,https://www.ewg.org/skindeep/products/884932-Equate_Nail_Polish_Remover_Spill_Proof_Pump/,Equate,Nail Polish Remover Spill Proof Pump,05,https://static.ewg.org/skindeep_images/8849/884932.jpg
Nails,Polish Remover,https://www.ewg.org/skindeep/products/879176-Modesa_Strengthening_Nail_Polish_Remover_With_Panthenol_for_Natural_Nails/,,Modesa Strengthening Nail Polish Remover With Panthenol for Natural Nails,05,https://static.ewg.org/skindeep_images/8791/879176.jpg
Nails,Polish Remover,https://www.ewg.org/skindeep/products/882950-CareOne_Regular_Nail_Polish_Remover/,Care One,CareOne Regular Nail Polish Remover,06,https://static.ewg.org/skindeep_images/8829/882950.jpg
Nails,Polish Remover,https://www.ewg.org/skindeep/products/869319-Equate_Nourishing_Nail_Polish_Remover/,Equate,Nourishing Nail Polish Remover,06,https://static.ewg.org/skindeep_images/8693/869319.jpg
Nails,Polish Remover,https://www.ewg.org/skindeep/products/882948-CareOne_Nourishing_Nail_Polish_Remover/,Care One,CareOne Nourishing Nail Polish Remover,06,https://static.ewg.org/skindeep_images/8829/882948.jpg
Nails,Cuticle Treatment,https://www.ewg.org/skindeep/products/646469-Sally_Bs_Skin_Yummies_Natural_Buff_Cuticle_Bar/,Sally B's Skin Yummies,Natural Buff Cuticle Bar,verified,https://static.ewg.org/skindeep_images/6464/646469.jpg
Nails,Cuticle Treatment,https://www.ewg.org/skindeep/products/897392-HealingScents_Cuticle_Care_for_Healthier_Nails/,Healing-Scents,Cuticle Care for Healthier Nails,01,https://static.ewg.org/skindeep_images/8973/897392.jpg
Nails,Cuticle Treatment,https://www.ewg.org/skindeep/products/938333-Hunnybunny_Cuticle_Cream/,Hunnybunny,Cuticle Cream,01,https://static.ewg.org/skindeep_images/9383/938333.jpg
Nails,Cuticle Treatment,https://www.ewg.org/skindeep/products/867454-Burts_Bees_Lemon_Butter_Cuticle_Cream/,Burt's Bees,Lemon Butter Cuticle Cream,02,https://static.ewg.org/skindeep_images/8674/867454.jpg
Nails,Cuticle Treatment,https://www.ewg.org/skindeep/products/920675-tenoverten_The_Rose_Oil_Nourishing_Cuticle_Oil_/,tenoverten,The Rose Oil Nourishing Cuticle Oil,02,https://static.ewg.org/skindeep_images/9206/920675.jpg
Nails,Cuticle Treatment,https://www.ewg.org/skindeep/products/920421-Lauren_B_Beauty_Nail_Couture_Cuticle_Oil/,Lauren B. Beauty,Nail Couture Cuticle Oil,02,https://static.ewg.org/skindeep_images/9204/920421.jpg
Nails,Cuticle Treatment,https://www.ewg.org/skindeep/products/738705-Badger_Cuticle_Care/,Badger,Cuticle Care,02,https://static.ewg.org/skindeep_images/7387/738705.jpg
Nails,Cuticle Treatment,https://www.ewg.org/skindeep/products/838414-Grown_Alchemist_Cuticle_Oil/,Grown Alchemist,Cuticle Oil,02,https://static.ewg.org/skindeep_images/8384/838414.jpg
Nails,Cuticle Treatment,https://www.ewg.org/skindeep/products/836908-Vapour_Organic_Beauty_Replenish_Organic_Nail__Cuticle_Oil/,Vapour Organic Beauty,Replenish Organic Nail & Cuticle Oil,02,https://static.ewg.org/skindeep_images/8369/836908.jpg
Nails,Cuticle Treatment,https://www.ewg.org/skindeep/products/847089-Yes_to_Coconut_Protecting_Hand__Cuticle_Cream/,,Yes to Coconut Protecting Hand & Cuticle Cream,04,https://static.ewg.org/skindeep_images/8470/847089.jpg
Nails,Cuticle Treatment,https://www.ewg.org/skindeep/products/877971-Clarins_Hand_and_Nail_Treatment_Cream/,Clarins,Hand and Nail Treatment Cream,05,https://static.ewg.org/skindeep_images/8779/877971.jpg
Nails,Cuticle Treatment,https://www.ewg.org/skindeep/products/818667-Lush_Cuticle_Butter_Lemony_Flutter/,LUSH,"Cuticle Butter, Lemony Flutter",06,https://static.ewg.org/skindeep_images/8186/818667.jpg
Nails,Nail Treatment,https://www.ewg.org/skindeep/products/701052-Just_the_Goods_vegan_conditioning_oil_for_beards__cuticles_unscented/,Just the Goods,"vegan conditioning oil for beards + cuticles, unscented",verified,https://static.ewg.org/skindeep_images/7010/701052.jpg
Nails,Nail Treatment,https://www.ewg.org/skindeep/products/767080-Aleavia_Renew_Nail_Mist/,Aleavia,Renew Nail Mist,01,https://static.ewg.org/skindeep/img/ewg_missing_product.png
Nails,Nail Treatment,https://www.ewg.org/skindeep/products/919351-Kapa_Nui_Nail_Repair/,Kapa Nui,Nail Repair,01,https://static.ewg.org/skindeep_images/9193/919351.jpg
Nails,Nail Treatment,https://www.ewg.org/skindeep/products/884636-La_Colors_Matte_Topcoat_Nail_Treatment/,L.A. Colors,Matte Topcoat Nail Treatment,01,https://static.ewg.org/skindeep/img/ewg_missing_product.png
Nails,Nail Treatment,https://www.ewg.org/skindeep/products/793871-JASON_Tea_Tree_Nail_Saver_/,JASON,Tea Tree Nail Saver,01,https://static.ewg.org/skindeep_images/7938/793871.jpg
Nails,Nail Treatment,https://www.ewg.org/skindeep/products/920671-tenoverten_Nontoxic_Nail_Dryer__Vitamin_E/,tenoverten,Non-toxic Nail Dryer + Vitamin E,01,https://static.ewg.org/skindeep_images/9206/920671.jpg
Nails,Nail Treatment,https://www.ewg.org/skindeep/products/760205-SOPHi_Nail_Polish_PrimerSealer/,SOPHi,"Nail Polish, Primer+Sealer",01,https://static.ewg.org/skindeep_images/7602/760205.jpg
Nails,Nail Treatment,https://www.ewg.org/skindeep/products/770503-Herbaliz_Healthy_Nail_Treatment/,Herbaliz,Healthy Nail Treatment,02,https://static.ewg.org/skindeep_images/7705/770503.jpg
Nails,Nail Treatment,https://www.ewg.org/skindeep/products/836908-Vapour_Organic_Beauty_Replenish_Organic_Nail__Cuticle_Oil/,Vapour Organic Beauty,Replenish Organic Nail & Cuticle Oil,02,https://static.ewg.org/skindeep_images/8369/836908.jpg
Nails,Nail Treatment,https://www.ewg.org/skindeep/products/870796-Nail_Aid_Keratin_3_Day_Growth_Keratin_Amino_Acids_Formula/,,Nail Aid Keratin 3 Day Growth Keratin Amino Acids Formula,03,https://static.ewg.org/skindeep_images/8707/870796.jpg
Nails,Nail Treatment,https://www.ewg.org/skindeep/products/920674-tenoverten_The_Foundation_Base_Coat/,tenoverten,The Foundation Base Coat,04,https://static.ewg.org/skindeep_images/9206/920674.jpg
Nails,Nail Treatment,https://www.ewg.org/skindeep/products/879174-Ella__Mila_First_Aid_Kiss_Nail_Strengthener/,,Ella + Mila First Aid Kiss Nail Strengthener,05,https://static.ewg.org/skindeep_images/8791/879174.jpg
Nails,Nail Treatment,https://www.ewg.org/skindeep/products/877971-Clarins_Hand_and_Nail_Treatment_Cream/,Clarins,Hand and Nail Treatment Cream,05,https://static.ewg.org/skindeep_images/8779/877971.jpg
Nails,Nail Treatment,https://www.ewg.org/skindeep/products/877736-Essie_Treat_Love__Color_03_Nude_Mood_Sheer_Strengthener/,Essie,Treat Love & Color 03 Nude Mood Sheer Strengthener,06,https://static.ewg.org/skindeep_images/8777/877736.jpg
Nails,Nail Treatment,https://www.ewg.org/skindeep/products/877747-Essie_Treat_Love__Color_60_Soul_Happy_Shimmer_Nail_Strengthener/,Essie,Treat Love & Color 60 Soul Happy Shimmer Nail Strengthener,06,https://static.ewg.org/skindeep_images/8777/877747.jpg
Nails,Nail Treatment,https://www.ewg.org/skindeep/products/877797-Essie_Treat_Love__Color_Strengthener_25_Lite_Weight_Cream/,Essie,Treat Love & Color Strengthener 25 Lite Weight Cream,06,https://static.ewg.org/skindeep_images/8777/877797.jpg
Nails,Nail Treatment,https://www.ewg.org/skindeep/products/881795-Sally_Hansen_Hard_as_Nails_Vitamin_Strength_Serum/,Sally Hansen,Hard as Nails Vitamin Strength Serum,07,https://static.ewg.org/skindeep_images/8817/881795.jpg
Nails,Nail Treatment,https://www.ewg.org/skindeep/products/877754-Esie_Nail_Polish_07_Bare_My_Love_Sheer/,,"Esie Nail Polish, 07 Bare My Love Sheer",07,https://static.ewg.org/skindeep_images/8777/877754.jpg
